﻿{
  "variables": [
    {
      "name": "s_file_name",
      "type": "string",
      "data": "Pour construire les noms de fichiers"
    },
    {
      "name": "s_dossier_temp",
      "type": "string",
      "data": "Chemin du dossier temporaire"
    },
    {
      "name": "s_nexis",
      "type": "string",
      "data": "chemin nexis manuel"
    },
    {
      "name": "s_tape_name_from_source",
      "type": "string",
      "data": ""
    },
    {
      "name": "s_test_column_webui",
      "type": "string",
      "data": ""
    },
    {
      "name": "s_webui_new_name",
      "data": "{\n   \"type\": \"select\",\n   \"merit\": 1,\n   \"label\": \"Select Example\",\n   \"labelPosition\": \"left\",\n   \"labelWidth\": \"140\",\n   \"width\": \"450\",\n   \"value\": \"C Drive\",\n   \"required\": true,\n   \"options\": [\n      {\n         \"content\": \"C Drive\",\n         \"value\": \"C:\\\\\"\n      },\n      {\n         \"content\": \"Server Share\",\n         \"value\": \"\\\\\\\\server\\\\share\\\\folder\"\n      }\n   ]\n}",
      "type": "string"
    },
    {
      "name": "i_count",
      "type": "integer",
      "data": ""
    },
    {
      "name": "s_minute",
      "type": "string",
      "data": ""
    },
    {
      "name": "s_duration_ch3",
      "data": "",
      "type": "string"
    },
    {
      "name": "s_segment_duration_ch3",
      "data": "",
      "type": "string"
    },
    {
      "name": "s_directory_ch3",
      "type": "string",
      "data": ""
    },
    {
      "name": "s_decklink_card",
      "type": "string",
      "data": ""
    },
    {
      "name": "s_encode_config",
      "type": "string",
      "data": ""
    },
    {
      "name": "s_webui_decklink_card",
      "type": "string",
      "data": "{\n   \"width\": \"400\",\n   \"type\": \"select\",\n   \"label\": \"Decklink Channel\",\n   \"options\": [\n      {\n         \"content\": \"DeckLink 8K Pro (1)\",\n         \"value\": \"DeckLink 8K Pro (1)\"\n      },\n      {\n         \"content\": \"DeckLink 8K Pro (2)\",\n         \"value\": \"DeckLink 8K Pro (2)\"\n      },\n      {\n         \"content\": \"DeckLink 8K Pro (3)\",\n         \"value\": \"DeckLink 8K Pro (3)\"\n      },\n      {\n         \"content\": \"DeckLink 8K Pro (4)\",\n         \"value\": \"DeckLink 8K Pro (4)\"\n      }\n   ],\n   \"labelPosition\": \"left\",\n   \"labelWidth\": \"140\"\n}"
    },
    {
      "name": "s_webui_output_folder",
      "type": "string",
      "data": "{\n   \"type\": \"input\",\n   \"merit\": \"100\",\n   \"label\": \"Directory\",\n   \"labelPosition\": \"left\",\n   \"labelWidth\": \"140\",\n   \"width\": \"450\",\n   \"required\": true,\n   \"value\": \"C:\\\\temp\"\n}"
    },
    {
      "name": "s_webui_recording_duration",
      "type": "string",
      "data": "{\n   \"type\": \"timepicker\",\n   \"merit\": 1,\n   \"label\": \"Recording Duration\",\n   \"labelPosition\": \"left\",\n   \"labelWidth\": \"140\",\n   \"width\": \"450\",\n   \"timeFormat\": 24,\n   \"valueFormat\": \"string\",\n   \"value\": [\n      0,\n      45\n   ]\n}"
    },
    {
      "name": "s_webui_encoding_profile",
      "type": "string",
      "data": "{\n   \"type\": \"select\",\n   \"merit\": 1,\n   \"label\": \"Encoding Format\",\n   \"labelPosition\": \"left\",\n   \"labelWidth\": \"140\",\n   \"width\": \"450\",\n   \"value\": \"mp4\",\n   \"required\": true,\n   \"options\": [\n      {\n         \"content\": \"mp4\",\n         \"value\": \"mp4\"\n      },\n      {\n         \"content\": \"mxf xdcamhd\",\n         \"value\": \"xdcamhd\"\n      }\n   ]\n}"
    },
    {
      "name": "s_webui_filename_prefix",
      "data": "{\n   \"type\": \"input\",\n   \"merit\": 1,\n   \"label\": \"Filename Prefix\",\n   \"labelPosition\": \"left\",\n   \"labelWidth\": \"140\",\n   \"width\": \"450\",\n   \"required\": false,\n   \"placeholder\": \"my great filename\"\n\n}",
      "type": "string"
    },
    {
      "name": "s_max_retry_count",
      "type": "string",
      "data": ""
    },
    {
      "name": "s_current_retry_count",
      "type": "string",
      "data": ""
    },
    {
      "name": "i_retry_current_count",
      "type": "integer",
      "data": ""
    },
    {
      "name": "i_retry_max_count",
      "type": "integer",
      "data": ""
    },
    {
      "name": "s_custom_encode_cmd",
      "type": "string",
      "data": ""
    },
    {
      "name": "s_s_temp",
      "type": "string",
      "data": ""
    },
    {
      "name": "s_1",
      "type": "string",
      "data": ""
    },
    {
      "name": "s_2",
      "type": "string",
      "data": ""
    },
    {
      "name": "i_my_width",
      "type": "integer",
      "data": ""
    },
    {
      "name": "i_my_new_width",
      "type": "integer",
      "data": ""
    }
  ],
  "statics": []
}