﻿{
  "variables": [
    {
      "name": "s_file_name",
      "type": "string",
      "data": "Pour construire les noms de fichiers"
    },
    {
      "name": "s_dossier_temp",
      "type": "string",
      "data": "Chemin du dossier temporaire"
    },
    {
      "name": "s_nexis",
      "type": "string",
      "data": "chemin nexis manuel"
    },
    {
      "name": "s_tape_name_from_source",
      "type": "string",
      "data": ""
    },
    {
      "name": "s_test_column_webui",
      "type": "string",
      "data": ""
    },
    {
      "name": "s_webui_new_name",
      "data": "{\n   \"type\": \"select\",\n   \"merit\": 1,\n   \"label\": \"Select Example\",\n   \"labelPosition\": \"left\",\n   \"labelWidth\": \"140\",\n   \"width\": \"450\",\n   \"value\": \"C Drive\",\n   \"required\": true,\n   \"options\": [\n      {\n         \"content\": \"C Drive\",\n         \"value\": \"C:\\\\\"\n      },\n      {\n         \"content\": \"Server Share\",\n         \"value\": \"\\\\\\\\server\\\\share\\\\folder\"\n      }\n   ]\n}",
      "type": "string"
    },
    {
      "name": "i_count",
      "type": "integer",
      "data": ""
    }
  ],
  "statics": []
}