﻿{
  "variables": [
    {
      "name": "s_file_name",
      "type": "string",
      "data": "Pour construire les noms de fichiers"
    },
    {
      "name": "s_dossier_temp",
      "type": "string",
      "data": "Chemin du dossier temporaire"
    },
    {
      "name": "s_nexis",
      "type": "string",
      "data": "chemin nexis manuel"
    },
    {
      "name": "s_tape_name_from_source",
      "type": "string",
      "data": ""
    },
    {
      "name": "s_test_column_webui",
      "type": "string",
      "data": ""
    }
  ],
  "statics": []
}