﻿{
  "general": {
    "versions": {
      "manager": "1.4.0.100",
      "queuer": "1.4.0.101",
      "service": "1.4.0.76"
    },
    "install_dir": "C:\\temp\\ffastrans1407",
    "environment_name": "",
    "use_shared": false,
    "work_root": "c:\\.ffastrans_work_root"
  },
  "debug": {
    "adlib": {
      "wfs_status": 2000,
      "remove_old_jobs": 3600000,
      "abs_min": 250
    },
    "max_logs_age": 14,
    "youtubedl_update": true,
    "rand_min": 50,
    "rand_max": 100,
    "core_multiplier": 1,
    "max_queue": 10,
    "max_job_list": 300,
    "queue_factor": 10,
    "proc_execute": true,
    "auto_pause": false,
    "submit_pri": 5,
    "max_retries": 5,
    "aping_retries": 3,
    "sleep_bias": 1,
    "abs_cpu_roof": false,
    "raw_log": false,
    "extra_log": false,
    "kill_hangs": false
  },
  "email": {
    "server": "",
    "name": "FFAStrans@%COMPUTERNAME%",
    "from": "",
    "port": 25,
    "ssl": false,
    "username": "",
    "signature": "",
    "password": ""
  }
}