﻿{
  "wf_id": "20201202-1809-5299-26dd-aa61d2e8d6c0",
  "wf_name": "DEBUG",
  "wf_folder": "",
  "description": "",
  "updated": "2024-12-10T21:17:00.400+01:00",
  "updated_by": "Gam3r1@DESKTOP-3VMPAN6",
  "created": "2020-12-02T18:09:52.992-01.00",
  "general": {},
  "maintainance": {},
  "special": {},
  "nodes": [
    {
      "name": "Custom AviSynth script",
      "properties": {
        "script": "# m_clip\t\t= The last returned AviSynth media\r\n\r\nLoadPlugin(\"%s_ffastrans_dir%\\Processors\\AVS_plugins\\qtsource\\QTSource.dll\")\r\nm_clip = QTInput(\"%s_source%\", audio = 1, color = 2, info = 1)\r\n# Please visit http:\/\/avisynth.nl\/index.php\/QTSource for more info on how to use QTSource.\r\n\r\n# The following MUST be the last line of your script\r\nReturn m_clip\r\n",
        "verify": false,
        "x64avisynth": false,
        "adapt": false,
        "clear_props": false
      },
      "type": "avs_custom",
      "id": "20241101-1443-3264-672a-7342b36b3f47",
      "preset": {
        "name": "(custom)",
        "id": null
      },
      "execute_on": "success",
      "bypass": false,
      "start_proc": false,
      "pos_x": 444.642857142857,
      "pos_y": 75,
      "outbounds": [
        {
          "type": "enc_av_xdcamhd",
          "id": "20241101-1449-4497-44fa-d363a893d3fe"
        }
      ]
    },
    {
      "id": "20241101-1447-4382-1194-b9ae9fd513d7",
      "type": "mon_folder",
      "custom_proc_guid": "",
      "name": "Folder",
      "bypass": false,
      "start_proc": true,
      "pos_x": 75,
      "pos_y": 75,
      "execute_on": "success",
      "outbounds": [
        {
          "type": "op_populate",
          "id": "20241101-1453-0402-63d1-f0d6f8a46aea"
        }
      ],
      "preset": {
        "name": "(custom)",
        "id": null
      },
      "properties": {
        "folder": "D:\\INGEST\\BABY BOOM",
        "accept_files": "",
        "deny": {
          "files": "",
          "folders": "",
          "attributes": {
            "read": false,
            "arch": false,
            "sys": false,
            "hidden": false
          }
        },
        "recurse": false,
        "localize": false,
        "create_folder": false,
        "growing_files": true,
        "forget_missing": false,
        "file_size_mod": "once",
        "file_limit": "None"
      }
    },
    {
      "id": "20241101-1449-4497-44fa-d363a893d3fe",
      "type": "enc_av_xdcamhd",
      "custom_proc_guid": "",
      "name": "XDCAM-HD",
      "bypass": false,
      "start_proc": false,
      "pos_x": 567.857142857143,
      "pos_y": 75,
      "execute_on": "success",
      "preset": {
        "name": "(custom)",
        "id": null
      },
      "properties": {
        "audio": {
          "db_adjust": -23,
          "loudness_table": "",
          "loudness_enable": false,
          "bitdepth": 24,
          "samplerate": 48000,
          "bitrate": null,
          "codec": "pcm_s24le",
          "layout": "source"
        },
        "video": {
          "format": "1920×1080i50",
          "resizing": "Fit and keep aspect",
          "interlacing": "Autodetect",
          "type": "50 Mbit (422)",
          "processing": "Full transcoding"
        },
        "avid": {
          "enable": true,
          "clipname": "%s_original_name%",
          "project": "AUTOINGEST",
          "tape": "%s_original_name%"
        },
        "wrapper": "MXF",
        "start_tc": "%s_start_tc%"
      },
      "outbounds": [
        {
          "type": "cmd_run",
          "id": "20241101-1455-3670-1a5f-3dee1a962eee"
        }
      ]
    },
    {
      "id": "20241101-1453-0402-63d1-f0d6f8a46aea",
      "name": "DIRECTORY",
      "execute_on": "success",
      "bypass": false,
      "type": "op_populate",
      "start_proc": false,
      "pos_x": 198.214285714286,
      "pos_y": 75,
      "properties": {
        "variables": [
          {
            "name": "s_nexis",
            "data": "\\\\Esf-pro\\test baby",
            "type": "string"
          },
          {
            "name": "s_file_name",
            "data": "%s_original_name%",
            "type": "string"
          },
          {
            "name": "s_dossier_temp",
            "data": "D:\\BMX_TEMP",
            "type": "string"
          }
        ]
      },
      "preset": {
        "name": "(custom)",
        "id": null
      },
      "outbounds": [
        {
          "type": "avs_custom",
          "id": "20241101-1443-3264-672a-7342b36b3f47"
        },
        {
          "type": "sub_wf",
          "id": "20241127-2102-5975-8358-764c8f77a011"
        }
      ]
    },
    {
      "id": "20241101-1455-3670-1a5f-3dee1a962eee",
      "name": "AVID MEDIAFILES",
      "execute_on": "success",
      "bypass": false,
      "type": "cmd_run",
      "start_proc": false,
      "properties": {
        "command": "%comspec% \/c \"if not exist \"%s_nexis%\\Avid MediaFiles\\MXF\\AUTOINGEST\" md \"%s_nexis%\\Avid MediaFiles\\MXF\\AUTOINGEST.\"\"",
        "out_source": "",
        "console": true,
        "omit_exit_code": false,
        "show_command": true,
        "stdout_var_name": "None",
        "set_timeout": 120,
        "error_timeout": 1
      },
      "pos_x": 691.071428571429,
      "pos_y": 75,
      "outbounds": [
        {
          "type": "dest_folder",
          "id": "20241101-1455-3670-765b-f0e421dcd060"
        }
      ],
      "description": "Crée le folder \"Avid mediafile\"",
      "preset": {
        "name": "(custom)",
        "id": null
      }
    },
    {
      "id": "20241101-1455-3670-765b-f0e421dcd060",
      "name": "Folder",
      "execute_on": "success",
      "bypass": false,
      "type": "dest_folder",
      "start_proc": false,
      "properties": {
        "folder": "%s_nexis%\\Avid MediaFiles\\MXF\\AUTOINGEST",
        "suffix": "",
        "prefix": "",
        "overwrite": true,
        "unique": false,
        "case": "None",
        "drop_name": false,
        "drop_ext": false,
        "move": false
      },
      "pos_x": 814.285714285715,
      "pos_y": 75,
      "outbounds": [
        {
          "type": "cmd_run",
          "id": "20241101-1455-3671-4520-c90b82c157b4"
        }
      ],
      "description": "Copie les fichiers MXF dans le folder \"AvidMediafile\"",
      "preset": {
        "name": "(custom)",
        "id": null
      }
    },
    {
      "id": "20241101-1455-3671-4520-c90b82c157b4",
      "name": "Command executor",
      "execute_on": "success",
      "bypass": false,
      "type": "cmd_run",
      "start_proc": false,
      "properties": {
        "command": "%comspec% \/c \"del \/f \/q  \"%s_original_full%\"\"",
        "out_source": "",
        "console": false,
        "omit_exit_code": false,
        "show_command": true,
        "stdout_var_name": "None",
        "set_timeout": 120,
        "error_timeout": 1
      },
      "pos_x": 937.500000000001,
      "pos_y": 75,
      "description": "efface l'original",
      "outbounds": [],
      "preset": {
        "name": "(custom)",
        "id": null
      }
    },
    {
      "id": "20241127-2102-5975-8358-764c8f77a011",
      "type": "sub_wf",
      "custom_proc_guid": "",
      "name": "Workflow",
      "slots": 1,
      "hosts_group": 0,
      "bypass": false,
      "start_proc": false,
      "pos_x": 444.642857142857,
      "pos_y": 177.678571428571,
      "execute_on": "success",
      "outbounds": [],
      "preset": {
        "name": "(custom)",
        "id": null
      },
      "properties": {
        "workflow_id": "20241104-2324-3179-0747-e27cfa3af0dd",
        "node_id": "20241127-0016-5095-6f87-ff323cd65ab5",
        "node_type": "",
        "inherit_farm": true,
        "inherit_wf_name": true
      }
    },
    {
      "id": "20241130-2354-0405-8019-11f2ff5f48c0",
      "type": "op_hold",
      "custom_proc_guid": "",
      "name": "Hold",
      "slots": 1,
      "hosts_group": 0,
      "bypass": false,
      "start_proc": true,
      "pos_x": 75,
      "pos_y": 280.357142857143,
      "execute_on": "success",
      "outbounds": [
        {
          "type": "op_hold",
          "id": "20241130-2354-0658-8ca8-19fde64d0648"
        }
      ],
      "preset": {
        "name": "(custom)",
        "id": null
      },
      "properties": {
        "syncronize": false,
        "sync_time": 3600,
        "sleep": true,
        "sleep_time": 10,
        "file_wait": false,
        "files_list": "",
        "files_count": "0"
      }
    },
    {
      "id": "20241130-2354-0658-8ca8-19fde64d0648",
      "type": "op_hold",
      "custom_proc_guid": "",
      "name": "Hold",
      "slots": 1,
      "hosts_group": 0,
      "bypass": false,
      "start_proc": false,
      "pos_x": 198.214285714286,
      "pos_y": 280.357142857143,
      "execute_on": "success",
      "preset": {
        "name": "(custom)",
        "id": null
      },
      "properties": {
        "syncronize": false,
        "sync_time": 3600,
        "sleep": true,
        "sleep_time": 10,
        "file_wait": false,
        "files_list": "",
        "files_count": "0"
      },
      "outbounds": [
        {
          "type": "op_hold",
          "id": "20241130-2354-0913-5326-7906ded817eb"
        }
      ]
    },
    {
      "id": "20241130-2354-0913-5326-7906ded817eb",
      "type": "op_hold",
      "custom_proc_guid": "",
      "name": "Hold",
      "slots": 1,
      "hosts_group": 0,
      "bypass": false,
      "start_proc": false,
      "pos_x": 321.428571428572,
      "pos_y": 280.357142857143,
      "execute_on": "success",
      "preset": {
        "name": "(custom)",
        "id": null
      },
      "properties": {
        "syncronize": false,
        "sync_time": 3600,
        "sleep": true,
        "sleep_time": 10000,
        "file_wait": false,
        "files_list": "",
        "files_count": "0"
      },
      "outbounds": []
    },
    {
      "id": "20241201-2242-5875-8dd7-4819938913d1",
      "type": "op_populate",
      "custom_proc_guid": "",
      "name": "Populate variables",
      "slots": 1,
      "hosts_group": 0,
      "bypass": false,
      "start_proc": true,
      "pos_x": 75,
      "pos_y": 348.809523809524,
      "execute_on": "success",
      "preset": {
        "name": "(custom)",
        "id": null
      },
      "properties": {
        "variables": [
          {
            "name": "s_success",
            "data": "%s_info_ffprobe%",
            "type": "string"
          }
        ]
      },
      "outbounds": []
    },
    {
      "id": "20241204-2346-5912-0c86-32fe5a909af1",
      "type": "op_cond",
      "custom_proc_guid": "",
      "name": "Conditional",
      "slots": 1,
      "hosts_group": 0,
      "bypass": false,
      "start_proc": true,
      "pos_x": 75,
      "pos_y": 417.261904761905,
      "execute_on": "success",
      "preset": {
        "name": "(custom)",
        "id": null
      },
      "properties": {
        "dispel": false,
        "conditionals": [
          {
            "expression_1": "0",
            "operator": "equal to (=), string",
            "expression_2": 1,
            "decide": "Then"
          }
        ]
      },
      "outbounds": []
    }
  ],
  "variable": {
    "wf_size": 82.1428571428572
  },
  "version": "1.4.0.100"
}