﻿{
  "wf_id": "20210403-1139-1332-4ee6-c3450a2723f4",
  "wf_name": "Main",
  "wf_folder": "Subs",
  "description": "",
  "updated": "2024-02-12T20:44:21.967+01:00",
  "updated_by": "stein@GENESIS-10",
  "created": "2021-04-03T11:39:13.324+02.00",
  "general": {
    "sleep": 30,
    "priority": "2 (normal)",
    "timeout_level": 3
  },
  "maintainance": {
    "keep_all_workdir": false,
    "keep_failed_workdir": true,
    "cleanup_time": "04:00",
    "records_age": 5,
    "work_age": 5,
    "run_on_days": 1234567
  },
  "special": {
    "log_level": "5 (All)",
    "force_32bit": false,
    "read_timecode": false,
    "protected": false,
    "password": ""
  },
  "nodes": [
    {
      "id": "20210403-1349-1131-1741-5b96513d3c5a",
      "type": "op_cond",
      "custom_proc_guid": "",
      "name": "MAIN SUB START",
      "bypass": false,
      "start_proc": true,
      "pos_x": 75,
      "pos_y": 266.666666666667,
      "execute_on": "success",
      "outbounds": [
        {
          "type": "op_populate",
          "id": "20210403-1349-1515-82ac-1758da01e675"
        },
        {
          "type": "op_cond",
          "id": "20210403-1349-5514-69d4-2e3e94ad7b34",
          "connection": "subhold"
        },
        {
          "type": "op_hold",
          "id": "20210404-1253-3617-4277-9e28f17c9e7e"
        },
        {
          "type": "op_populate",
          "id": "20210404-1249-4992-443b-839a9ffe7455",
          "connection": "subhold"
        },
        {
          "type": "sub_wf",
          "id": "20210831-1249-5069-1c77-78b2d029a345",
          "connection": "subhold"
        }
      ],
      "preset": {
        "name": "(custom)",
        "id": null
      },
      "properties": {
        "dispel": false,
        "conditionals": []
      }
    },
    {
      "id": "20210403-1349-1515-82ac-1758da01e675",
      "type": "op_populate",
      "custom_proc_guid": "",
      "name": "FOURTH",
      "bypass": false,
      "start_proc": false,
      "pos_x": 247.5,
      "pos_y": 266.666666666667,
      "execute_on": "success",
      "preset": {
        "name": "(custom)",
        "id": null
      },
      "properties": {
        "variables": [
          {
            "name": "s_success",
            "data": "%s_wf_name%: %s_node_name%",
            "type": "string"
          }
        ]
      },
      "outbounds": []
    },
    {
      "id": "20210403-1349-5514-69d4-2e3e94ad7b34",
      "type": "op_cond",
      "custom_proc_guid": "",
      "name": "Conditional",
      "bypass": false,
      "start_proc": false,
      "pos_x": 247.5,
      "pos_y": 362.5,
      "execute_on": "success",
      "outbounds": [
        {
          "type": "op_cond",
          "id": "20210403-1350-5552-25a0-fba21bdacbd9"
        },
        {
          "type": "op_cond",
          "id": "20210403-1350-4550-05b9-c0545cca98d1",
          "connection": "subhold"
        }
      ]
    },
    {
      "id": "20210403-1350-4550-05b9-c0545cca98d1",
      "type": "op_cond",
      "custom_proc_guid": "",
      "name": "Conditional",
      "bypass": false,
      "start_proc": false,
      "pos_x": 420,
      "pos_y": 458.333333333333,
      "execute_on": "success",
      "outbounds": [
        {
          "type": "op_cond",
          "id": "20210404-1244-2772-354a-3b828b4a85f8"
        },
        {
          "type": "op_hold",
          "id": "20210404-1244-3984-46aa-1f58146e0188",
          "connection": "subhold"
        },
        {
          "type": "op_populate",
          "id": "20210404-1249-5956-814d-579e63f59eb8"
        }
      ]
    },
    {
      "id": "20210403-1350-5552-25a0-fba21bdacbd9",
      "type": "op_hold",
      "custom_proc_guid": "",
      "name": "Hold (SUB WF)",
      "bypass": false,
      "start_proc": false,
      "pos_x": 420,
      "pos_y": 362.5,
      "execute_on": "success",
      "description": "",
      "preset": {
        "name": "(custom)",
        "id": null
      },
      "properties": {
        "syncronize": false,
        "sync_time": 3600,
        "sleep": true,
        "sleep_time": 10,
        "file_wait": false,
        "files_list": "",
        "files_count": 0
      },
      "outbounds": [
        {
          "type": "op_populate",
          "id": "20210929-1516-3975-9381-201405d2f996"
        }
      ]
    },
    {
      "id": "20210404-1244-3984-46aa-1f58146e0188",
      "type": "op_hold",
      "custom_proc_guid": "",
      "name": "Hold (SECOND)",
      "bypass": false,
      "start_proc": false,
      "pos_x": 592.5,
      "pos_y": 458.333333333333,
      "execute_on": "success",
      "preset": {
        "name": "(custom)",
        "id": null
      },
      "properties": {
        "syncronize": false,
        "sync_time": 3600,
        "sleep": true,
        "sleep_time": 6,
        "file_wait": false,
        "files_list": "",
        "files_count": 0
      },
      "outbounds": [
        {
          "type": "op_populate",
          "id": "20210404-1250-0610-9c17-fa91c684264e"
        }
      ]
    },
    {
      "id": "20210404-1249-4992-443b-839a9ffe7455",
      "type": "op_populate",
      "custom_proc_guid": "",
      "name": "FIRST",
      "bypass": false,
      "start_proc": false,
      "pos_x": 247.5,
      "pos_y": 458.333333333333,
      "execute_on": "success",
      "preset": {
        "name": "(custom)",
        "id": null
      },
      "properties": {
        "variables": [
          {
            "name": "s_success",
            "data": "%s_wf_name%: %s_node_name%",
            "type": "string"
          }
        ]
      },
      "outbounds": []
    },
    {
      "id": "20210404-1249-5956-814d-579e63f59eb8",
      "type": "op_populate",
      "custom_proc_guid": "",
      "name": "THIRD",
      "bypass": false,
      "start_proc": false,
      "pos_x": 592.5,
      "pos_y": 554.166666666667,
      "execute_on": "success",
      "preset": {
        "name": "(custom)",
        "id": null
      },
      "properties": {
        "variables": [
          {
            "name": "s_success",
            "data": "%s_wf_name%: %s_node_name%",
            "type": "string"
          }
        ]
      },
      "outbounds": []
    },
    {
      "id": "20210404-1250-0610-9c17-fa91c684264e",
      "type": "op_populate",
      "custom_proc_guid": "",
      "name": "SECOND",
      "bypass": false,
      "start_proc": false,
      "pos_x": 765,
      "pos_y": 458.333333333333,
      "execute_on": "success",
      "preset": {
        "name": "(custom)",
        "id": null
      },
      "properties": {
        "variables": [
          {
            "name": "s_success",
            "data": "%s_wf_name%: %s_node_name%",
            "type": "string"
          }
        ]
      },
      "outbounds": []
    },
    {
      "id": "20210404-1253-2977-33cd-b957460a2be5",
      "type": "op_populate",
      "custom_proc_guid": "",
      "name": "LAST",
      "bypass": false,
      "start_proc": false,
      "pos_x": 420,
      "pos_y": 170.833333333333,
      "execute_on": "success",
      "preset": {
        "name": "(custom)",
        "id": null
      },
      "properties": {
        "variables": [
          {
            "name": "s_success",
            "data": "%s_wf_name%: %s_node_name%",
            "type": "string"
          }
        ]
      },
      "outbounds": []
    },
    {
      "id": "20210404-1253-3617-4277-9e28f17c9e7e",
      "type": "op_hold",
      "custom_proc_guid": "",
      "name": "Hold (LAST)",
      "bypass": false,
      "start_proc": false,
      "pos_x": 247.5,
      "pos_y": 170.833333333333,
      "execute_on": "success",
      "description": "",
      "preset": {
        "name": "(custom)",
        "id": null
      },
      "properties": {
        "syncronize": false,
        "sync_time": 3600,
        "sleep": true,
        "sleep_time": 6,
        "file_wait": false,
        "files_list": "",
        "files_count": 0
      },
      "outbounds": [
        {
          "type": "op_cond",
          "id": "20210404-1255-4760-1ed8-13b7adb0dc75"
        },
        {
          "type": "op_populate",
          "id": "20210404-1253-2977-33cd-b957460a2be5"
        }
      ]
    },
    {
      "id": "20210831-1132-0007-0d69-8beed7d15e0c",
      "type": "sub_wf",
      "custom_proc_guid": "",
      "name": "Sub WF 1",
      "bypass": false,
      "start_proc": false,
      "pos_x": 765,
      "pos_y": 362.5,
      "execute_on": "success",
      "preset": {
        "name": "(custom)",
        "id": null
      },
      "properties": {
        "workflow_id": "20210403-1138-4890-0e57-04943e7c8d8a",
        "node_id": "%s_test_string%",
        "node_type": "",
        "inherit_farm": true,
        "inherit_wf_name": false
      },
      "outbounds": []
    },
    {
      "id": "20210831-1249-5069-1c77-78b2d029a345",
      "type": "sub_wf",
      "custom_proc_guid": "",
      "name": "Sub WF 2",
      "bypass": false,
      "start_proc": false,
      "pos_x": 247.5,
      "pos_y": 75,
      "execute_on": "success",
      "preset": {
        "name": "(custom)",
        "id": null
      },
      "properties": {
        "workflow_id": "20210831-1249-0955-5e7c-c389c1055511",
        "node_id": "20210831-1249-2936-8f6b-cf628607754f",
        "node_type": "op_hold",
        "inherit_farm": true,
        "inherit_wf_name": false
      },
      "outbounds": []
    },
    {
      "id": "20210929-1516-3975-9381-201405d2f996",
      "type": "op_populate",
      "custom_proc_guid": "",
      "name": "Populate variables",
      "bypass": false,
      "start_proc": false,
      "pos_x": 592.5,
      "pos_y": 362.5,
      "execute_on": "success",
      "preset": {
        "name": "(custom)",
        "id": null
      },
      "properties": {
        "variables": [
          {
            "name": "s_test_string",
            "data": "20210403-1139-2174-9296-b9eaada340e1",
            "type": "string"
          }
        ]
      },
      "outbounds": [
        {
          "type": "sub_wf",
          "id": "20210831-1132-0007-0d69-8beed7d15e0c"
        }
      ]
    }
  ],
  "variable": {
    "wf_size": 115
  },
  "farming": {
    "hosts": [],
    "include": false
  },
  "version": "1.4.0.93"
}