﻿{
  "wf_id": "20210929-0940-5977-3a40-1c94bcdb5994",
  "wf_name": "Sub WF 3",
  "wf_folder": "Subs",
  "description": "",
  "updated": "2024-11-30T11:14:16.157+01:00",
  "updated_by": "stein@GENESIS-10",
  "created": "2021-09-29T09:40:59.773+02.00",
  "general": {
    "sleep": 30,
    "priority": "2 (normal)",
    "timeout_level": 3,
    "cron": ""
  },
  "maintainance": {
    "keep_all_workdir": false,
    "keep_failed_workdir": true,
    "work_age": 5,
    "run_on_days": 1234567
  },
  "special": {
    "log_level": "5 (All)",
    "force_32bit": false,
    "force_leading": true,
    "start_cmd": "",
    "repeating_cmd": "",
    "stop_cmd": "",
    "protected": false,
    "password": ""
  },
  "nodes": [
    {
      "id": "20210831-1249-2936-8f6b-cf628607754f",
      "type": "op_hold",
      "custom_proc_guid": "",
      "name": "SUB WF 3 START",
      "bypass": false,
      "start_proc": true,
      "pos_x": 420,
      "pos_y": 458.333333333333,
      "execute_on": "success",
      "preset": {
        "name": "(custom)",
        "id": null
      },
      "properties": {
        "syncronize": false,
        "sync_time": 3600,
        "sleep": true,
        "sleep_time": 10,
        "file_wait": false,
        "files_list": "",
        "files_count": 0
      },
      "outbounds": [
        {
          "type": "op_populate",
          "id": "20210929-0930-5684-447d-d22151015e5d"
        }
      ]
    },
    {
      "id": "20210929-0930-5684-447d-d22151015e5d",
      "type": "op_populate",
      "custom_proc_guid": "",
      "name": "Populate variables",
      "bypass": false,
      "start_proc": false,
      "pos_x": 765,
      "pos_y": 362.5,
      "execute_on": "success",
      "preset": {
        "name": "(custom)",
        "id": null
      },
      "properties": {
        "variables": [
          {
            "name": "s_success",
            "data": "SUB WF 3",
            "type": "string"
          }
        ]
      },
      "outbounds": [
        {
          "type": "op_cond",
          "id": "20241127-2218-5700-01a6-e0bde3e307f3"
        },
        {
          "type": "op_cond",
          "id": "20241127-2219-0360-2162-573e626ec764"
        },
        {
          "type": "op_cond",
          "id": "20241127-2219-0384-939a-b63a3e907f28"
        },
        {
          "type": "op_cond",
          "id": "20241127-2219-0412-487b-f5156bcf229d"
        },
        {
          "type": "op_cond",
          "id": "20241127-2219-0431-3ca2-afbe0815614f"
        },
        {
          "type": "op_cond",
          "id": "20241127-2219-0454-8cc4-85543cc50f33"
        },
        {
          "type": "op_cond",
          "id": "20241127-2219-0474-0e5a-7d5f18b9dcb9"
        },
        {
          "type": "op_cond",
          "id": "20241127-2219-0492-5f8b-ff2e57e8546e"
        }
      ]
    },
    {
      "id": "20241127-2218-5700-01a6-e0bde3e307f3",
      "type": "op_cond",
      "custom_proc_guid": "",
      "name": "Conditional",
      "slots": 1,
      "hosts_group": 0,
      "bypass": false,
      "start_proc": false,
      "pos_x": 1110,
      "pos_y": 506.25,
      "execute_on": "success",
      "outbounds": []
    },
    {
      "id": "20241127-2219-0360-2162-573e626ec764",
      "type": "op_cond",
      "custom_proc_guid": "",
      "name": "Conditional",
      "slots": 1,
      "hosts_group": 0,
      "bypass": false,
      "start_proc": false,
      "pos_x": 592.5,
      "pos_y": 602.083333333333,
      "execute_on": "success",
      "outbounds": []
    },
    {
      "id": "20241127-2219-0384-939a-b63a3e907f28",
      "type": "op_cond",
      "custom_proc_guid": "",
      "name": "Conditional",
      "slots": 1,
      "hosts_group": 0,
      "bypass": false,
      "start_proc": false,
      "pos_x": 1455,
      "pos_y": 697.916666666667,
      "execute_on": "success",
      "outbounds": []
    },
    {
      "id": "20241127-2219-0412-487b-f5156bcf229d",
      "type": "op_cond",
      "custom_proc_guid": "",
      "name": "Conditional",
      "slots": 1,
      "hosts_group": 0,
      "bypass": false,
      "start_proc": false,
      "pos_x": 1282.5,
      "pos_y": 985.416666666667,
      "execute_on": "success",
      "outbounds": []
    },
    {
      "id": "20241127-2219-0431-3ca2-afbe0815614f",
      "type": "op_cond",
      "custom_proc_guid": "",
      "name": "Conditional",
      "slots": 1,
      "hosts_group": 0,
      "bypass": false,
      "start_proc": false,
      "pos_x": 1282.5,
      "pos_y": 218.75,
      "execute_on": "success",
      "outbounds": []
    },
    {
      "id": "20241127-2219-0454-8cc4-85543cc50f33",
      "type": "op_cond",
      "custom_proc_guid": "",
      "name": "Conditional",
      "slots": 1,
      "hosts_group": 0,
      "bypass": false,
      "start_proc": false,
      "pos_x": 765,
      "pos_y": 75,
      "execute_on": "success",
      "outbounds": []
    },
    {
      "id": "20241127-2219-0474-0e5a-7d5f18b9dcb9",
      "type": "op_cond",
      "custom_proc_guid": "",
      "name": "Conditional",
      "slots": 1,
      "hosts_group": 0,
      "bypass": false,
      "start_proc": false,
      "pos_x": 75,
      "pos_y": 314.583333333333,
      "execute_on": "success",
      "outbounds": []
    },
    {
      "id": "20241127-2219-0492-5f8b-ff2e57e8546e",
      "type": "op_cond",
      "custom_proc_guid": "",
      "name": "Conditional",
      "slots": 1,
      "hosts_group": 0,
      "bypass": false,
      "start_proc": false,
      "pos_x": 1800,
      "pos_y": 410.416666666667,
      "execute_on": "success",
      "outbounds": []
    }
  ],
  "variable": {
    "wf_size": 115
  },
  "version": "1.4.2.6",
  "farming": {
    "hosts": [],
    "include": false
  }
}