﻿{
  "wf_id": "20210831-1249-0955-5e7c-c389c1055511",
  "wf_name": "Sub WF 2",
  "wf_folder": "Subs",
  "description": "",
  "updated": "2024-11-30T11:14:11.091+01:00",
  "updated_by": "stein@GENESIS-10",
  "created": "2021-08-31T12:49:09.555+02.00",
  "general": {
    "sleep": 30,
    "priority": "2 (normal)",
    "timeout_level": 3,
    "cron": ""
  },
  "maintainance": {
    "keep_all_workdir": false,
    "keep_failed_workdir": true,
    "work_age": 5,
    "run_on_days": 1234567
  },
  "special": {
    "log_level": "4 (Verbose)",
    "force_32bit": false,
    "force_leading": true,
    "start_cmd": "",
    "repeating_cmd": "",
    "stop_cmd": "",
    "protected": false,
    "password": ""
  },
  "nodes": [
    {
      "id": "20210831-1249-2936-8f6b-cf628607754f",
      "type": "op_hold",
      "custom_proc_guid": "",
      "name": "SUB WF 2 START",
      "bypass": false,
      "start_proc": true,
      "pos_x": 75,
      "pos_y": 75,
      "execute_on": "success",
      "preset": {
        "name": "(custom)",
        "id": null
      },
      "properties": {
        "syncronize": false,
        "sync_time": 3600,
        "sleep": true,
        "sleep_time": 10,
        "file_wait": false,
        "files_list": "",
        "files_count": 0
      },
      "outbounds": [
        {
          "type": "op_populate",
          "id": "20210929-0930-5684-447d-d22151015e5d"
        }
      ]
    },
    {
      "id": "20210929-0930-5684-447d-d22151015e5d",
      "type": "op_populate",
      "custom_proc_guid": "",
      "name": "Populate variables",
      "bypass": false,
      "start_proc": false,
      "pos_x": 247.5,
      "pos_y": 75,
      "execute_on": "success",
      "preset": {
        "name": "(custom)",
        "id": null
      },
      "properties": {
        "variables": [
          {
            "name": "s_success",
            "data": "SUB WF 2",
            "type": "string"
          }
        ]
      },
      "outbounds": [
        {
          "type": "sub_wf",
          "id": "20210929-1519-3748-274c-fb6892796c76"
        }
      ]
    },
    {
      "id": "20210929-1519-3748-274c-fb6892796c76",
      "type": "sub_wf",
      "custom_proc_guid": "",
      "name": "Sub WF 2",
      "bypass": false,
      "start_proc": false,
      "pos_x": 420,
      "pos_y": 75,
      "execute_on": "success",
      "preset": {
        "name": "(custom)",
        "id": null
      },
      "properties": {
        "workflow_id": "20210831-1249-0955-5e7c-c389c1055511",
        "node_id": "20210831-1249-2936-8f6b-cf628607754f",
        "node_type": "op_hold",
        "inherit_farm": true,
        "inherit_wf_name": false
      },
      "outbounds": []
    }
  ],
  "variable": {
    "wf_size": 115
  },
  "version": "1.4.2.6",
  "farming": {
    "hosts": [],
    "include": false
  }
}