﻿{
  "wf_id": "20210403-1138-4890-0e57-04943e7c8d8a",
  "wf_name": "Sub WF 1",
  "wf_folder": "Subs",
  "description": "",
  "updated": "2024-11-30T11:14:04.849+01:00",
  "updated_by": "stein@GENESIS-10",
  "created": "2021-04-03T11:38:48.900+02.00",
  "general": {
    "sleep": 30,
    "priority": "2 (normal)",
    "timeout_level": 3,
    "cron": ""
  },
  "maintainance": {
    "keep_all_workdir": false,
    "keep_failed_workdir": true,
    "work_age": 5,
    "run_on_days": 1234567
  },
  "special": {
    "log_level": "5 (All)",
    "force_32bit": false,
    "force_leading": true,
    "start_cmd": "",
    "repeating_cmd": "",
    "stop_cmd": "",
    "protected": false,
    "password": ""
  },
  "nodes": [
    {
      "id": "20210403-1139-2174-9296-b9eaada340e1",
      "type": "op_cond",
      "custom_proc_guid": "",
      "name": "SUB WF 1 START",
      "bypass": false,
      "start_proc": true,
      "pos_x": 75,
      "pos_y": 179.809827019557,
      "execute_on": "success",
      "outbounds": [
        {
          "type": "op_cond",
          "id": "20210403-1153-2060-6910-48b4fa6cc17f"
        },
        {
          "type": "op_cond",
          "id": "20210403-1139-2759-582e-fcc8c718ff42",
          "connection": "subhold"
        },
        {
          "type": "op_cond",
          "id": "20210403-1139-2973-26fa-f248e3a8b6f6",
          "connection": "subhold"
        },
        {
          "type": "sub_wf",
          "id": "20210929-0929-1258-7df7-f9ab1c697e95"
        }
      ]
    },
    {
      "id": "20210403-1139-2759-582e-fcc8c718ff42",
      "type": "op_hold",
      "custom_proc_guid": "",
      "name": "SUB 1",
      "bypass": false,
      "start_proc": false,
      "pos_x": 263.657688635203,
      "pos_y": 284.619654039115,
      "execute_on": "success",
      "outbounds": [
        {
          "type": "op_hold",
          "id": "20210403-1154-3296-5711-6bb2e3723a56"
        },
        {
          "type": "op_populate",
          "id": "20210403-1155-5526-401c-430ba08475ea"
        },
        {
          "type": "op_populate",
          "id": "20210403-1156-0975-4249-bc5844ed7ca4"
        }
      ],
      "description": "",
      "preset": {
        "name": "(custom)",
        "id": null
      },
      "properties": {
        "syncronize": false,
        "sync_time": 3600,
        "sleep": true,
        "sleep_time": 3,
        "file_wait": false,
        "files_list": "",
        "files_count": 0
      }
    },
    {
      "id": "20210403-1139-2973-26fa-f248e3a8b6f6",
      "type": "op_hold",
      "custom_proc_guid": "",
      "name": "SUB 2",
      "bypass": false,
      "start_proc": false,
      "pos_x": 263.657688635203,
      "pos_y": 75,
      "execute_on": "success",
      "outbounds": [
        {
          "type": "op_hold",
          "id": "20210403-1154-3296-5711-6bb2e3723a56"
        },
        {
          "type": "op_populate",
          "id": "20210403-1155-5937-5adc-daa3c4e2af60"
        },
        {
          "type": "op_hold",
          "id": "20210403-1230-1688-15a6-efab11e53873",
          "connection": "subhold"
        }
      ],
      "description": "",
      "preset": {
        "name": "(custom)",
        "id": null
      },
      "properties": {
        "syncronize": false,
        "sync_time": 3600,
        "sleep": true,
        "sleep_time": 9,
        "file_wait": false,
        "files_list": "",
        "files_count": 0
      }
    },
    {
      "id": "20210403-1153-2060-6910-48b4fa6cc17f",
      "type": "op_populate",
      "custom_proc_guid": "",
      "name": "POP X",
      "bypass": false,
      "start_proc": false,
      "pos_x": 263.657688635203,
      "pos_y": 179.809827019558,
      "execute_on": "success",
      "description": "",
      "preset": {
        "name": "(custom)",
        "id": null
      },
      "properties": {
        "variables": [
          {
            "name": "s_success",
            "data": "%s_wf_name%: MUST FINISH LAST",
            "type": "string"
          }
        ]
      },
      "outbounds": []
    },
    {
      "id": "20210403-1155-5526-401c-430ba08475ea",
      "type": "op_populate",
      "custom_proc_guid": "",
      "name": "POP 2",
      "bypass": false,
      "start_proc": false,
      "pos_x": 452.315377270407,
      "pos_y": 284.619654039115,
      "execute_on": "success",
      "description": "",
      "preset": {
        "name": "(custom)",
        "id": null
      },
      "properties": {
        "variables": [
          {
            "name": "s_success",
            "data": "%s_wf_name%: FINISH FIRST 1/2",
            "type": "string"
          }
        ]
      },
      "outbounds": []
    },
    {
      "id": "20210403-1155-5937-5adc-daa3c4e2af60",
      "type": "op_populate",
      "custom_proc_guid": "",
      "name": "POP 1",
      "bypass": false,
      "start_proc": false,
      "pos_x": 452.315377270407,
      "pos_y": 75,
      "execute_on": "success",
      "description": "",
      "preset": {
        "name": "(custom)",
        "id": null
      },
      "properties": {
        "variables": [
          {
            "name": "s_success",
            "data": "%s_wf_name%: FINISH THIRD",
            "type": "string"
          }
        ]
      },
      "outbounds": []
    },
    {
      "id": "20210403-1156-0975-4249-bc5844ed7ca4",
      "type": "op_populate",
      "custom_proc_guid": "",
      "name": "POP 3",
      "bypass": false,
      "start_proc": false,
      "pos_x": 452.315377270407,
      "pos_y": 389.429481058672,
      "execute_on": "success",
      "description": "",
      "preset": {
        "name": "(custom)",
        "id": null
      },
      "properties": {
        "variables": [
          {
            "name": "s_success",
            "data": "%s_wf_name%: FINISH FIRST 2/2",
            "type": "string"
          }
        ]
      },
      "outbounds": []
    },
    {
      "id": "20210403-1230-1688-15a6-efab11e53873",
      "type": "op_hold",
      "custom_proc_guid": "",
      "name": "SUB SUB 1",
      "bypass": false,
      "start_proc": false,
      "pos_x": 452.315377270407,
      "pos_y": 179.809827019558,
      "execute_on": "success",
      "outbounds": [
        {
          "type": "op_populate",
          "id": "20210403-1230-1689-079b-7184f8cb094e"
        }
      ],
      "description": "",
      "preset": {
        "name": "(custom)",
        "id": null
      },
      "properties": {
        "syncronize": false,
        "sync_time": 3600,
        "sleep": true,
        "sleep_time": 9,
        "file_wait": false,
        "files_list": "",
        "files_count": 0
      }
    },
    {
      "id": "20210403-1230-1689-079b-7184f8cb094e",
      "type": "op_populate",
      "custom_proc_guid": "",
      "name": "POP 4",
      "bypass": false,
      "start_proc": false,
      "pos_x": 640.97306590561,
      "pos_y": 179.809827019558,
      "execute_on": "success",
      "description": "",
      "preset": {
        "name": "(custom)",
        "id": null
      },
      "properties": {
        "variables": [
          {
            "name": "s_success",
            "data": "%s_wf_name%: FINISH SECOND",
            "type": "string"
          }
        ]
      },
      "outbounds": []
    },
    {
      "id": "20210929-0929-1258-7df7-f9ab1c697e95",
      "type": "sub_wf",
      "custom_proc_guid": "",
      "name": "SUB WF in SUB WF",
      "bypass": false,
      "start_proc": false,
      "pos_x": 263.657688635203,
      "pos_y": 389.429481058672,
      "execute_on": "success",
      "preset": {
        "name": "(custom)",
        "id": null
      },
      "properties": {
        "workflow_id": "20210929-0940-5977-3a40-1c94bcdb5994",
        "node_id": "20210831-1249-2936-8f6b-cf628607754f",
        "node_type": "op_hold",
        "inherit_farm": true,
        "inherit_wf_name": false
      },
      "outbounds": []
    }
  ],
  "variable": {
    "wf_size": 125.771792423469
  },
  "version": "1.4.2.6",
  "farming": {
    "hosts": [],
    "include": false
  }
}