﻿{
  "wf_id": "20240513-1439-2557-80a0-17e610c123fa",
  "wf_name": "RBS - \u043a\u043e\u043f\u0438\u0440\u043e\u0432\u043d\u0430\u0438\u0435 \u0437\u0430\u043f\u0438\u0441\u0435\u0439 \u0432 \"FTP_Okko\" \u0441 \u0442\u0440\u0430\u043d\u0441\u043a\u043e\u0434\u043e\u043c (24.89)",
  "wf_folder": "a.ovsyannikov",
  "description": "",
  "updated": "2024-11-11T14:41:34.041+03:00",
  "updated_by": "Air01@SRV-CINEGY1",
  "created": "2024-05-13T14:39:25.578+03:00",
  "general": {
    "sleep": 30,
    "priority": "4 (very high)",
    "timeout_level": 3,
    "cron": ""
  },
  "maintainance": {
    "keep_all_workdir": false,
    "keep_failed_workdir": true,
    "cleanup_time": "04:00",
    "records_age": 5,
    "work_age": 5,
    "run_on_days": 1234567
  },
  "special": {
    "log_level": "1 (Basic)",
    "force_32bit": false,
    "read_timecode": false,
    "protected": false,
    "password": ""
  },
  "nodes": [
    {
      "id": "20231219-1359-2092-31e9-7e51bc474693",
      "type": "mon_folder",
      "custom_proc_guid": "",
      "name": "Folder",
      "slots": 1,
      "hosts_group": 0,
      "bypass": false,
      "start_proc": true,
      "pos_x": 75,
      "pos_y": 209.166666666667,
      "execute_on": "success",
      "outbounds": [
        {
          "type": "op_hold",
          "id": "20240513-1440-4913-7498-f5bfad3e278c"
        }
      ],
      "preset": {
        "name": "(custom)",
        "id": null
      },
      "properties": {
        "folder": "\\\\192.168.24.89\\Transcode",
        "accept_files": "*.ts",
        "deny": {
          "files": ".*.ts",
          "folders": "",
          "attributes": {
            "read": false,
            "arch": false,
            "sys": false,
            "hidden": false
          }
        },
        "recurse": false,
        "localize": false,
        "create_folder": false,
        "growing_files": true,
        "forget_missing": true,
        "skip_verify": false,
        "file_size_mod": "once",
        "file_limit": "None"
      }
    },
    {
      "id": "20231219-1403-0706-12cb-d584120a9344",
      "type": "enc_av_customff",
      "custom_proc_guid": "",
      "name": "Custom FFmpeg",
      "slots": 1,
      "hosts_group": 0,
      "bypass": false,
      "start_proc": false,
      "pos_x": 799.5,
      "pos_y": 209.166666666667,
      "execute_on": "success",
      "preset": {
        "name": "(custom)",
        "id": null
      },
      "properties": {
        "audio": {
          "codec": "",
          "bitrate": ""
        },
        "video": {
          "codec": "",
          "bitrate": ""
        },
        "ff_options": "-map 0:0 -map 0:1 -map 0:2 -c:v libx264 -b:v 7000K -minrate 5000K -maxrate 8000K -c:a aac -b:a 192k -ar 48000",
        "extension": "mp4"
      },
      "outbounds": [
        {
          "type": "dest_folder",
          "id": "20231219-1404-0657-7634-d22779977b0a"
        }
      ]
    },
    {
      "id": "20231219-1404-0657-7634-d22779977b0a",
      "type": "dest_folder",
      "custom_proc_guid": "",
      "name": "Folder",
      "slots": 1,
      "hosts_group": 0,
      "bypass": false,
      "start_proc": false,
      "pos_x": 1041,
      "pos_y": 209.166666666667,
      "execute_on": "success",
      "preset": {
        "name": "(custom)",
        "id": null
      },
      "properties": {
        "folder": "\\\\nas06.tv.lan\\D\\FTP_Okko\\%i_mon%.%i_year%",
        "suffix": "",
        "prefix": "",
        "overwrite": true,
        "unique": false,
        "case": "None",
        "drop_name": false,
        "drop_ext": false,
        "move": false,
        "padding": "None"
      },
      "outbounds": [
        {
          "type": "cmd_run",
          "id": "20231219-1602-5601-1676-7fb49bd25a40"
        },
        {
          "type": "other_textfile",
          "id": "20240513-1748-1111-482a-88e35d9ef2c6"
        }
      ]
    },
    {
      "id": "20231219-1602-5601-1676-7fb49bd25a40",
      "type": "cmd_run",
      "custom_proc_guid": "",
      "name": "Command executor",
      "slots": 1,
      "hosts_group": 0,
      "bypass": false,
      "start_proc": false,
      "pos_x": 1282.5,
      "pos_y": 209.166666666667,
      "execute_on": "success",
      "preset": {
        "name": "(custom)",
        "id": null
      },
      "properties": {
        "command": "%comspec% \/C \"move \/Y \"%s_original_full%\" \"%s_original_path%\\Done\"\"",
        "out_source": "",
        "omit_exit_code": false,
        "console": false,
        "show_command": true,
        "stdout_var_name": "None",
        "set_timeout": 120,
        "error_timeout": 1,
        "std_types": "stdout + stderr"
      },
      "outbounds": []
    },
    {
      "id": "20240109-1328-1982-68ea-1207bd88efc1",
      "type": "cmd_run",
      "custom_proc_guid": "",
      "name": "Command executor",
      "slots": 1,
      "hosts_group": 0,
      "bypass": false,
      "start_proc": false,
      "pos_x": 558,
      "pos_y": 209.166666666667,
      "execute_on": "error",
      "outbounds": [
        {
          "type": "enc_av_customff",
          "id": "20231219-1403-0706-12cb-d584120a9344"
        }
      ],
      "preset": {
        "name": "(custom)",
        "id": null
      },
      "properties": {
        "command": "%comspec% \/C \"mkdir \"\\\\nas06.tv.lan\\D\\FTP_Okko\\%i_mon%.%i_year%\"\"",
        "out_source": "",
        "omit_exit_code": true,
        "console": false,
        "show_command": true,
        "stdout_var_name": "None",
        "set_timeout": 120,
        "error_timeout": 1,
        "std_types": "stdout + stderr"
      }
    },
    {
      "id": "20240323-0935-2356-5639-df119f2f3089",
      "type": "mon_folder",
      "custom_proc_guid": "",
      "name": "Folder",
      "slots": 1,
      "hosts_group": 0,
      "bypass": false,
      "start_proc": true,
      "pos_x": 75,
      "pos_y": 410.416666666667,
      "execute_on": "success",
      "preset": {
        "name": "(custom)",
        "id": null
      },
      "properties": {
        "folder": "\\\\192.168.24.89\\Transcode",
        "accept_files": ".*.ts",
        "deny": {
          "files": "",
          "folders": "",
          "attributes": {
            "read": false,
            "arch": false,
            "sys": false,
            "hidden": false
          }
        },
        "recurse": false,
        "localize": false,
        "create_folder": false,
        "growing_files": true,
        "forget_missing": true,
        "skip_verify": false,
        "file_size_mod": "once",
        "file_limit": "None"
      },
      "outbounds": [
        {
          "type": "other_email",
          "id": "20240323-0935-5520-2179-8f1589e0bbfd"
        }
      ]
    },
    {
      "id": "20240323-0935-5520-2179-8f1589e0bbfd",
      "type": "other_email",
      "custom_proc_guid": "",
      "name": "Send e-mail",
      "slots": 1,
      "hosts_group": 0,
      "bypass": false,
      "start_proc": false,
      "pos_x": 316.5,
      "pos_y": 410.416666666667,
      "execute_on": "success",
      "preset": {
        "name": "(custom)",
        "id": null
      },
      "properties": {
        "body": "\u0412 \u0440\u0430\u0431\u043e\u0447\u0443\u044e \u043f\u0430\u043f\u043a\u0443 \"%s_original_path%\" \u043f\u043e\u043f\u0430\u043b \u0444\u0430\u0439\u043b \u0441 \u043d\u0435\u043a\u043e\u0440\u0440\u0435\u043a\u0442\u043d\u044b\u043c \u0438\u043c\u0435\u043d\u0435\u043c \"%s_original_name%.%s_original_ext%\".\r\n\u0424\u0430\u0439\u043b \u043d\u0435 \u0431\u0443\u0434\u0435\u0442 \u043e\u0431\u0440\u0430\u0431\u043e\u0442\u0430\u043d, \u043f\u043e\u043a\u0430 \u043e\u043d \u043d\u0435 \u0431\u0443\u0434\u0435\u0442 \u043d\u0430\u0437\u0432\u0430\u043d \u043a\u043e\u0440\u0440\u0435\u043a\u0442\u043d\u043e \u0441\u043e\u0433\u043b\u0430\u0441\u043d\u043e \u0435\u0433\u043e ID.\r\n\r\n**********\r\n\u042d\u0442\u043e \u043f\u0438\u0441\u044c\u043c\u043e \u0441\u043e\u0437\u0434\u0430\u043d\u043e \u0430\u0432\u0442\u043e\u043c\u0430\u0442\u0438\u0447\u0435\u0441\u043a\u0438, \u043f\u043e\u0436\u0430\u043b\u0443\u0439\u0441\u0442\u0430, \u043d\u0435 \u043e\u0442\u0432\u0435\u0447\u0430\u0439\u0442\u0435 \u043d\u0430 \u043d\u0435\u0433\u043e.",
        "to": "airgroup1@orion-express.ru",
        "cc": "",
        "bcc": "a.gorunov@orion-express.ru; a.ovsyannikov@orion-express.ru",
        "reply_to": "ftp@orion-express.ru",
        "subject": "RBS: \u0444\u0430\u0439\u043b \u0441 \u043d\u0435\u043a\u043e\u0440\u0440\u0435\u043a\u0442\u043d\u044b\u043c \u0438\u043c\u0435\u043d\u0435\u043c \u0432 \"%s_original_path%\" ",
        "attachment": "",
        "importance": "Normal"
      },
      "outbounds": [
        {
          "type": "op_populate",
          "id": "20240520-1340-5767-8145-8c71443ceada"
        }
      ]
    },
    {
      "id": "20240513-1440-4913-7498-f5bfad3e278c",
      "type": "op_hold",
      "custom_proc_guid": "",
      "name": "Hold",
      "slots": 1,
      "hosts_group": 0,
      "bypass": false,
      "start_proc": false,
      "pos_x": 316.5,
      "pos_y": 209.166666666667,
      "execute_on": "success",
      "outbounds": [
        {
          "type": "cmd_run",
          "id": "20240109-1328-1982-68ea-1207bd88efc1"
        },
        {
          "type": "cmd_run",
          "id": "20240513-1441-2288-3e86-f51e6153a527"
        }
      ],
      "preset": {
        "name": "(custom)",
        "id": null
      },
      "properties": {
        "syncronize": false,
        "sync_time": 600,
        "sleep": false,
        "sleep_time": 60,
        "file_wait": true,
        "files_list": "\\\\nas06.tv.lan\\D\\FTP_Okko\\%i_mon%.%i_year%\\%s_original_name%.mp4",
        "files_count": 1
      }
    },
    {
      "id": "20240513-1441-2288-3e86-f51e6153a527",
      "type": "cmd_run",
      "custom_proc_guid": "",
      "name": "Command executor",
      "slots": 1,
      "hosts_group": 0,
      "bypass": false,
      "start_proc": false,
      "pos_x": 558,
      "pos_y": 75,
      "execute_on": "success",
      "preset": {
        "name": "(custom)",
        "id": null
      },
      "properties": {
        "command": "%comspec% \/C \"move \/Y \"%s_original_full%\" \"%s_original_path%\\Done\"\"",
        "out_source": "",
        "omit_exit_code": false,
        "console": false,
        "show_command": true,
        "stdout_var_name": "None",
        "set_timeout": 120,
        "error_timeout": 1,
        "std_types": "stdout + stderr"
      },
      "outbounds": [
        {
          "type": "op_populate",
          "id": "20240520-1338-0735-2574-b8a96767d754"
        }
      ]
    },
    {
      "id": "20240513-1748-1111-482a-88e35d9ef2c6",
      "type": "other_textfile",
      "custom_proc_guid": "",
      "name": "Generate text file",
      "slots": 1,
      "hosts_group": 0,
      "bypass": false,
      "start_proc": false,
      "pos_x": 1282.5,
      "pos_y": 75,
      "execute_on": "success",
      "outbounds": [],
      "preset": {
        "name": "(custom)",
        "id": null
      },
      "properties": {
        "text": "\r\n%s_original_name%;%s_duration_tc%",
        "encoding": "UTF-8",
        "out_file": "NMG_REC_%i_mon%.%i_year%.txt",
        "out_folder": "\\\\nas08.tv.lan\\FFAStrans\\_Transcode_Lists_\\NMG_REC",
        "append": true,
        "set_to_source": false
      }
    },
    {
      "id": "20240520-1338-0735-2574-b8a96767d754",
      "type": "op_populate",
      "custom_proc_guid": "",
      "name": "Populate variables",
      "slots": 1,
      "hosts_group": 0,
      "bypass": false,
      "start_proc": false,
      "pos_x": 799.5,
      "pos_y": 75,
      "execute_on": "success",
      "preset": {
        "name": "(custom)",
        "id": null
      },
      "properties": {
        "variables": [
          {
            "name": "s_success",
            "data": "\u0424\u0430\u0439\u043b \u0441 \u0442\u0430\u043a\u0438\u043c \u0438\u043c\u0435\u043d\u0435\u043c \u0443\u0436\u0435 \u0435\u0441\u0442\u044c \u0432 \"\\\\nas06.tv.lan\\D\\FTP_Okko\\%i_mon%.%i_year%\". \u041e\u0431\u0440\u0430\u0431\u043e\u0442\u043a\u0430 \u0444\u0430\u0439\u043b\u0430 \u043f\u0440\u043e\u043f\u0443\u0449\u0435\u043d\u0430",
            "type": "string"
          }
        ]
      },
      "outbounds": []
    },
    {
      "id": "20240520-1340-5767-8145-8c71443ceada",
      "type": "op_populate",
      "custom_proc_guid": "",
      "name": "Populate variables",
      "slots": 1,
      "hosts_group": 0,
      "bypass": false,
      "start_proc": false,
      "pos_x": 558,
      "pos_y": 410.416666666667,
      "execute_on": "success",
      "preset": {
        "name": "(custom)",
        "id": null
      },
      "properties": {
        "variables": [
          {
            "name": "s_success",
            "data": "\u0424\u0430\u0439\u043b \u0438\u043c\u0435\u0435\u0442 \u043d\u0435\u043a\u043e\u0440\u0440\u0435\u043a\u0442\u043d\u043e\u0435 \u0438\u043c\u044f. \u041e\u0431\u0440\u0430\u0431\u043e\u0442\u043a\u0430 \u0444\u0430\u0439\u043b\u0430 \u043f\u0440\u043e\u043f\u0443\u0449\u0435\u043d\u0430, \u043e\u0442\u043f\u0440\u0430\u0432\u043b\u0435\u043d Email",
            "type": "string"
          }
        ]
      },
      "outbounds": []
    }
  ],
  "version": "1.4.0.100",
  "variable": {
    "wf_size": 161
  },
  "farming": {
    "hosts": [
      1
    ],
    "include": true
  }
}