﻿{
  "wf_id": "20241127-2115-3632-72b2-8c45650dc74f",
  "wf_name": "emcodem_to_ben",
  "wf_folder": "",
  "description": "",
  "updated": "2024-12-16T18:22:12.958+01:00",
  "updated_by": "Gam3r1@DESKTOP-3VMPAN6",
  "created": "2024-11-27T21:15:36.327+01:00",
  "general": {
    "sleep": 2,
    "priority": "2 (normal)",
    "timeout_level": 3,
    "cron": ""
  },
  "maintainance": {
    "keep_all_workdir": false,
    "keep_failed_workdir": true,
    "work_age": 5,
    "run_on_days": 1234567
  },
  "special": {
    "log_level": "1 (Basic)",
    "force_32bit": false,
    "protected": false,
    "password": ""
  },
  "nodes": [
    {
      "id": "20241216-1701-3195-4ae4-205b5662e0c9",
      "type": "op_populate",
      "custom_proc_guid": "",
      "name": "Populate variables",
      "slots": 1,
      "hosts_group": 0,
      "bypass": false,
      "start_proc": true,
      "pos_x": 75,
      "pos_y": 75,
      "execute_on": "success",
      "preset": {
        "name": "(custom)",
        "id": null
      },
      "properties": {
        "variables": [
          {
            "name": "s_file_name",
            "data": "$regext($read(\"%s_source%\"),\"<PackageName>(.+\\.wav|.+\\.mp3)<\",1)",
            "type": "string"
          }
        ]
      },
      "outbounds": [
        {
          "type": "op_foreach",
          "id": "20241216-1802-4589-81b6-085b89691f6a"
        }
      ]
    },
    {
      "id": "20241216-1705-5570-67ac-14a6d88ab4d1",
      "type": "other_textfile",
      "custom_proc_guid": "",
      "name": "Generate text file",
      "slots": 1,
      "hosts_group": 0,
      "bypass": false,
      "start_proc": false,
      "pos_x": 558,
      "pos_y": 75,
      "execute_on": "success",
      "preset": {
        "name": "(custom)",
        "id": null
      },
      "properties": {
        "text": "",
        "encoding": "UTF-8",
        "out_file": "%s_file_name%",
        "out_folder": "c:\\temp\\parts",
        "append": false,
        "set_to_source": false
      },
      "outbounds": [
        {
          "type": "plugin_htmlgui",
          "id": "20241216-1817-3409-2121-19e0db034de0"
        }
      ]
    },
    {
      "id": "20241216-1802-4589-81b6-085b89691f6a",
      "type": "op_foreach",
      "custom_proc_guid": "",
      "name": "For each",
      "slots": 1,
      "hosts_group": 0,
      "bypass": false,
      "start_proc": false,
      "pos_x": 316.5,
      "pos_y": 75,
      "execute_on": "success",
      "preset": {
        "name": "(custom)",
        "id": null
      },
      "properties": {
        "astring": "%s_file_name%",
        "value": "%s_file_name%",
        "index": "None"
      },
      "outbounds": [
        {
          "type": "other_textfile",
          "id": "20241216-1705-5570-67ac-14a6d88ab4d1"
        }
      ]
    },
    {
      "id": "20241216-1817-3409-2121-19e0db034de0",
      "type": "plugin_htmlgui",
      "custom_proc_guid": "512dccee-88e1-45b1-906c-9c8f53724805",
      "name": "Files Find",
      "slots": 1,
      "hosts_group": 0,
      "bypass": false,
      "start_proc": false,
      "pos_x": 558,
      "pos_y": 209.166666666667,
      "execute_on": "success",
      "preset": {
        "name": "(custom)",
        "id": null
      },
      "properties": {
        "custom_variables": {
          "inputs": [
            {
              "id": "path",
              "value": "c:\\temp\\parts"
            },
            {
              "id": "include",
              "value": ""
            },
            {
              "id": "exclude",
              "value": ""
            },
            {
              "id": "timespan",
              "value": "0"
            },
            {
              "id": "timespan_custom",
              "value": ""
            },
            {
              "id": "recurse",
              "value": false
            },
            {
              "id": "skip_folders",
              "value": false
            },
            {
              "id": "skip_files",
              "value": false
            },
            {
              "id": "skip_size_operator",
              "value": "="
            },
            {
              "id": "skip_size",
              "value": ""
            },
            {
              "id": "sort_order",
              "value": "Date Created Descending"
            },
            {
              "id": "output_type",
              "value": "json"
            },
            {
              "id": "use_watchdb",
              "value": false
            }
          ],
          "outputs": [
            {
              "id": "output_found_array",
              "value": "",
              "data": ""
            },
            {
              "id": "output_found_count",
              "value": "",
              "data": ""
            },
            {
              "id": "output_files_1",
              "value": "%s_1%",
              "data": ""
            },
            {
              "id": "output_files_2",
              "value": "%s_2%",
              "data": ""
            },
            {
              "id": "output_files_3",
              "value": "",
              "data": ""
            },
            {
              "id": "output_files_4",
              "value": "",
              "data": ""
            },
            {
              "id": "output_files_5",
              "value": "",
              "data": ""
            },
            {
              "id": "singlefilecontainer_innerHTML",
              "value": "\n        <div><span style=\"width: 120px; display: inline-block;\">File 1<\/span><input name=\"output\" title=\"File Number X\" id=\"output_files_1\" oninput=\"check_valid_variable_name(this)\" value=\"\"><input name=\"open_vars\" width=\"2\" type=\"submit\" value=\"<\" data-parent=\"output_files_1\" data-user_vars_only=\"true\"><br><\/div>\n    <div><span style=\"width: 120px; display: inline-block;\">File 2<\/span><input name=\"output\" title=\"File Number X\" id=\"output_files_2\" oninput=\"check_valid_variable_name(this)\" value=\"\"><input name=\"open_vars\" width=\"2\" type=\"submit\" value=\"<\" data-parent=\"output_files_2\" data-user_vars_only=\"true\"><br><\/div><div><span style=\"width: 120px; display: inline-block;\">File 3<\/span><input name=\"output\" title=\"File Number X\" id=\"output_files_3\" oninput=\"check_valid_variable_name(this)\" value=\"\"><input name=\"open_vars\" width=\"2\" type=\"submit\" value=\"<\" data-parent=\"output_files_3\" data-user_vars_only=\"true\"><br><\/div><div><span style=\"width: 120px; display: inline-block;\">File 4<\/span><input name=\"output\" title=\"File Number X\" id=\"output_files_4\" oninput=\"check_valid_variable_name(this)\" value=\"\"><input name=\"open_vars\" width=\"2\" type=\"submit\" value=\"<\" data-parent=\"output_files_4\" data-user_vars_only=\"true\"><br><\/div><div><span style=\"width: 120px; display: inline-block;\">File 5<\/span><input name=\"output\" title=\"File Number X\" id=\"output_files_5\" oninput=\"check_valid_variable_name(this)\" value=\"\"><input name=\"open_vars\" width=\"2\" type=\"submit\" value=\"<\" data-parent=\"output_files_5\" data-user_vars_only=\"true\"><br><\/div>",
              "data": ""
            }
          ]
        }
      },
      "outbounds": [
        {
          "type": "other_textfile",
          "id": "20241216-1821-4945-83d3-a0ede3891ab0"
        }
      ]
    },
    {
      "id": "20241216-1821-4945-83d3-a0ede3891ab0",
      "type": "other_textfile",
      "custom_proc_guid": "",
      "name": "Generate text file",
      "slots": 1,
      "hosts_group": 0,
      "bypass": false,
      "start_proc": false,
      "pos_x": 799.5,
      "pos_y": 209.166666666667,
      "execute_on": "success",
      "preset": {
        "name": "(custom)",
        "id": null
      },
      "properties": {
        "text": "%s_1%\r\n%s_2%",
        "encoding": "UTF-8",
        "out_file": "found.txt",
        "out_folder": "c:\\temp\\parts",
        "append": false,
        "set_to_source": false
      }
    }
  ],
  "version": "1.4.0.100",
  "variable": {
    "wf_size": 161
  },
  "farming": {
    "hosts": [],
    "include": false
  }
}