﻿{
  "wf_id": "20241212-0033-5495-9757-351fe0b3a015",
  "wf_name": "1printpath",
  "wf_folder": "",
  "description": "",
  "updated": "2024-12-13T11:21:14.334+01:00",
  "updated_by": "Gam3r1@DESKTOP-3VMPAN6",
  "created": "2024-12-12T00:33:54.959+01:00",
  "general": {
    "sleep": 30,
    "priority": "2 (normal)",
    "timeout_level": 3,
    "cron": ""
  },
  "maintainance": {
    "keep_all_workdir": true,
    "keep_failed_workdir": false,
    "work_age": 5,
    "run_on_days": 1234567
  },
  "special": {
    "log_level": "1 (Basic)",
    "force_32bit": false,
    "protected": false,
    "password": ""
  },
  "nodes": [
    {
      "id": "20241212-0034-0300-2b42-929868c66774",
      "type": "op_populate",
      "custom_proc_guid": "",
      "name": "Populate variables",
      "slots": 1,
      "hosts_group": 0,
      "bypass": false,
      "start_proc": true,
      "pos_x": 75,
      "pos_y": 75,
      "execute_on": "success",
      "preset": {
        "name": "(custom)",
        "id": null
      },
      "properties": {
        "variables": [
          {
            "name": "s_success",
            "data": "%s_source%",
            "type": "string"
          }
        ]
      },
      "outbounds": [
        {
          "type": "dest_folder",
          "id": "20241212-2053-0203-349c-51ffdbbb1530"
        }
      ]
    },
    {
      "id": "20241212-2053-0203-349c-51ffdbbb1530",
      "type": "dest_folder",
      "custom_proc_guid": "",
      "name": "Folder",
      "slots": 1,
      "hosts_group": 0,
      "bypass": false,
      "start_proc": false,
      "pos_x": 247.5,
      "pos_y": 75,
      "execute_on": "success",
      "preset": {
        "name": "(custom)",
        "id": null
      },
      "properties": {
        "folder": "c:\\temp",
        "suffix": "",
        "prefix": "",
        "overwrite": false,
        "unique": true,
        "case": "None",
        "drop_name": false,
        "drop_ext": false,
        "move": false,
        "padding": "None"
      },
      "outbounds": []
    },
    {
      "id": "20241213-0003-4688-22d6-0f9445de56f8",
      "type": "op_cond",
      "custom_proc_guid": "",
      "name": "Conditional",
      "slots": 1,
      "hosts_group": 0,
      "bypass": false,
      "start_proc": true,
      "pos_x": 75,
      "pos_y": 170.833333333333,
      "execute_on": "success",
      "preset": {
        "name": "(custom)",
        "id": null
      },
      "properties": {
        "dispel": false,
        "conditionals": [
          {
            "expression_1": "0",
            "operator": "equal to (=), string",
            "expression_2": 1,
            "decide": "Then"
          }
        ]
      },
      "outbounds": []
    },
    {
      "id": "20241213-1119-2758-226a-433718b2084f",
      "type": "enc_av_xdcamhd",
      "custom_proc_guid": "",
      "name": "XDCAM-HD",
      "slots": 1,
      "hosts_group": 0,
      "bypass": false,
      "start_proc": true,
      "pos_x": 131,
      "pos_y": 243,
      "execute_on": "success"
    }
  ],
  "version": "1.4.0.100",
  "variable": {
    "wf_size": 115
  },
  "farming": {
    "hosts": [],
    "include": false
  }
}