﻿{
  "wf_id": "20241215-2123-1720-6aaf-ffe073f850ff",
  "wf_name": "downsize_to_h256px",
  "wf_folder": "",
  "description": "",
  "updated": "2024-12-17T23:05:18.630+01:00",
  "updated_by": "Gam3r1@DESKTOP-3VMPAN6",
  "created": "2024-12-15T21:23:17.207+01:00",
  "general": {},
  "maintainance": {},
  "special": {},
  "nodes": [
    {
      "id": "20241215-2142-0780-5a89-d6612c949cde",
      "type": "enc_av_mp4",
      "custom_proc_guid": "",
      "name": "H.264",
      "slots": 1,
      "hosts_group": 0,
      "bypass": false,
      "start_proc": false,
      "pos_x": 339.428571428572,
      "pos_y": 75,
      "execute_on": "success",
      "outbounds": [],
      "preset": {
        "name": "(custom)",
        "id": null
      },
      "properties": {
        "audio": {
          "bitrate": 384,
          "bitdepth": 16,
          "codec": "aac",
          "samplerate": 48000,
          "db_adjust": -23,
          "loudness_table": "",
          "loudness_enable": false,
          "layout": "sourcemultich",
          "streams": []
        },
        "video": {
          "bitrate": 1200,
          "level": "auto",
          "profile": "auto",
          "tuning": "none",
          "qspeed": "ultrafast",
          "interlacing": "Autodetect",
          "transformation": "None",
          "field_order": "Progressive",
          "width": "%i_my_width%",
          "height": 256,
          "restrict": false,
          "framerate": "%f_frame_rate%",
          "par": "Same as source",
          "dar": "Auto",
          "resizing": "Fit and keep aspect",
          "colorspace": "Auto",
          "videorange": "Set to Limited"
        },
        "wrapper": "MP4",
        "start_tc": "%s_start_tc%",
        "custom_x264opts": "",
        "faststart": true
      }
    },
    {
      "id": "20241216-2109-0621-3029-8d3d74bbf1f3",
      "type": "dec_avmedia",
      "custom_proc_guid": "",
      "name": "A/V Media",
      "slots": 1,
      "hosts_group": 0,
      "bypass": false,
      "start_proc": true,
      "pos_x": 93.0000000000005,
      "pos_y": 314.583333333333,
      "execute_on": "success",
      "outbounds": [
        {
          "type": "avs_custom",
          "id": "20241216-2110-2154-3b02-07639bf13aea"
        }
      ],
      "preset": {
        "name": "(custom)",
        "id": null
      },
      "properties": {
        "video": {
          "use": true,
          "method": "Intelligent",
          "format": "YUV 4:2:2 8bit"
        },
        "audio": {
          "use": true,
          "channels": 32,
          "method": "Intelligent",
          "bitdepth": 16,
          "codec": "pcm_s16le",
          "samplerate": 48000
        },
        "x64avisynth": true,
        "force8bit": true,
        "non_linear": 4
      }
    },
    {
      "id": "20241216-2110-2154-3b02-07639bf13aea",
      "type": "avs_custom",
      "custom_proc_guid": "",
      "name": "Custom AviSynth script",
      "slots": 1,
      "hosts_group": 0,
      "bypass": false,
      "start_proc": false,
      "pos_x": 216.214285714286,
      "pos_y": 314.583333333333,
      "execute_on": "success",
      "outbounds": [
        {
          "type": "enc_av_mp4",
          "id": "20241215-2142-0780-5a89-d6612c949cde"
        }
      ],
      "preset": {
        "name": "(custom)",
        "id": null
      },
      "properties": {
        "script": "#\r\n# m_clip\t= The last returned AviSynth media\r\n#\r\n# Your script goes right below this line\r\n\r\n# The following MUST be the last line of your script+\r\nm_clip = KillAudio(m_clip)\r\nReturn m_clip\r\n",
        "verify": false,
        "adapt": false,
        "clear_props": true,
        "x64avisynth": true
      }
    },
    {
      "id": "20241217-2305-1745-2e7a-e25d56337e18",
      "type": "plugin_htmlgui",
      "custom_proc_guid": "512dccee-88e1-45b1-906c-9c8f53724805",
      "name": "Files Find",
      "slots": 1,
      "hosts_group": 0,
      "bypass": false,
      "start_proc": true,
      "pos_x": 75,
      "pos_y": 161,
      "execute_on": "success"
    }
  ],
  "version": "1.4.0.100",
  "variable": {
    "wf_size": 82.1428571428572
  }
}