﻿{
  "wf_id": "20241203-2101-4581-4365-5b97d45411f2",
  "wf_name": "emcodem_loop_workflow",
  "wf_folder": "",
  "description": "",
  "updated": "2024-12-12T11:47:53.682+01:00",
  "updated_by": "Gam3r1@DESKTOP-3VMPAN6",
  "created": "2024-12-03T21:01:45.814+01:00",
  "general": {
    "sleep": 2,
    "priority": "2 (normal)",
    "timeout_level": 3,
    "cron": ""
  },
  "maintainance": {
    "keep_all_workdir": false,
    "keep_failed_workdir": true,
    "work_age": 5,
    "run_on_days": 1234567
  },
  "special": {
    "log_level": "1 (Basic)",
    "force_32bit": false,
    "protected": false,
    "password": ""
  },
  "nodes": [
    {
      "id": "20241203-2102-1081-6689-04c5d572c1b1",
      "type": "other_httpsend",
      "custom_proc_guid": "",
      "name": "HTTP communicate",
      "slots": 1,
      "hosts_group": 0,
      "bypass": false,
      "start_proc": false,
      "pos_x": 420,
      "pos_y": 75,
      "execute_on": "success",
      "preset": {
        "name": "(custom)",
        "id": null
      },
      "properties": {
        "method": "POST",
        "body": "{\r\n\t\"wf_id\": \"%s_wf_id%\",\r\n\t\"inputfile\": \"%s_source%\",\r\n\t\"start_proc\": \"\",\r\n\t\"priority\": \"0\",\r\n\t\"variables\": [\r\n\t\t\t{\r\n\t\t\t\"name\": \"i_count\",\r\n\t\t\t\"data\": \"%i_count%\"\r\n\t\t\t}\r\n\t\t]\r\n}\r\n\r\n",
        "url": "http://desktop-3vmpan6:65445/api/v2/jobs",
        "variable": "None",
        "headers": [
          {
            "name": "Content-Type",
            "value": "application/json;charset=utf-8"
          },
          {
            "name": "",
            "value": ""
          },
          {
            "name": "",
            "value": ""
          },
          {
            "name": "",
            "value": ""
          },
          {
            "name": "",
            "value": ""
          },
          {
            "name": "",
            "value": ""
          },
          {
            "name": "",
            "value": ""
          },
          {
            "name": "",
            "value": ""
          },
          {
            "name": "",
            "value": ""
          },
          {
            "name": "",
            "value": ""
          },
          {
            "name": "",
            "value": ""
          }
        ]
      },
      "outbounds": []
    },
    {
      "id": "20241203-2104-5192-3df6-d7543b3c05de",
      "type": "op_populate",
      "custom_proc_guid": "",
      "name": "Populate variables",
      "slots": 1,
      "hosts_group": 0,
      "bypass": false,
      "start_proc": true,
      "pos_x": 247.5,
      "pos_y": 75,
      "execute_on": "success",
      "outbounds": [
        {
          "type": "other_httpsend",
          "id": "20241203-2102-1081-6689-04c5d572c1b1"
        }
      ],
      "preset": {
        "name": "(custom)",
        "id": null
      },
      "properties": {
        "variables": [
          {
            "name": "i_count",
            "data": "%i_count% = \"\" ? 0 : %i_coiunt%",
            "type": "integer"
          },
          {
            "name": "i_count",
            "data": "%i_count% + 1",
            "type": "integer"
          },
          {
            "name": "s_source",
            "data": "$jsonencode(\"%s_source%\")",
            "type": "string"
          },
          {
            "name": "s_minute",
            "data": "%i_sec%",
            "type": "string"
          }
        ]
      }
    },
    {
      "id": "20241203-2111-2148-9aae-5ead52acbca9",
      "type": "op_hold",
      "custom_proc_guid": "",
      "name": "Hold",
      "slots": 1,
      "hosts_group": 0,
      "bypass": false,
      "start_proc": true,
      "pos_x": 75,
      "pos_y": 75,
      "execute_on": "success",
      "outbounds": [],
      "preset": {
        "name": "(custom)",
        "id": null
      },
      "properties": {
        "syncronize": false,
        "sync_time": 3600,
        "sleep": true,
        "sleep_time": 15,
        "file_wait": false,
        "files_list": "",
        "files_count": "0"
      }
    }
  ],
  "version": "1.4.0.100",
  "variable": {
    "wf_size": 115
  },
  "farming": {
    "hosts": [],
    "include": false
  }
}