﻿{
  "wf_id": "20241104-2331-4870-3f54-69dfe97ba324",
  "wf_name": "DEBUG_emcod",
  "wf_folder": "",
  "description": "",
  "updated": "2024-12-01T23:19:05.507+01:00",
  "updated_by": "Gam3r1@DESKTOP-3VMPAN6",
  "created": "2024-11-04T23:31:48.703+01:00",
  "general": {
    "sleep": 30,
    "priority": "2 (normal)",
    "timeout_level": 3,
    "cron": ""
  },
  "maintainance": {
    "keep_all_workdir": true,
    "keep_failed_workdir": false,
    "work_age": 5,
    "run_on_days": 1234567
  },
  "special": {
    "log_level": "1 (Basic)",
    "force_32bit": false,
    "protected": false,
    "password": ""
  },
  "nodes": [
    {
      "name": "Custom AviSynth script",
      "properties": {
        "script": "# m_clip\t\t= The last returned AviSynth media\r\n\r\nLoadPlugin(\"%s_ffastrans_dir%\\Processors\\AVS_plugins\\qtsource\\QTSource.dll\")\r\nm_clip = QTInput(\"%s_source%\", audio = 1, color = 2)\r\n# Please visit http:\/\/avisynth.nl\/index.php\/QTSource for more info on how to use QTSource.\r\n\r\n# The following MUST be the last line of your script\r\nReturn m_clip\r\n",
        "verify": false,
        "x64avisynth": false,
        "adapt": false,
        "clear_props": false
      },
      "type": "avs_custom",
      "id": "20241101-1443-3264-672a-7342b36b3f47",
      "preset": {
        "name": "(custom)",
        "id": null
      },
      "execute_on": "success",
      "bypass": false,
      "start_proc": true,
      "pos_x": 75,
      "pos_y": 75.0000000000001,
      "outbounds": [
        {
          "type": "enc_av_xdcamhd",
          "id": "20241101-1449-4497-44fa-d363a893d3fe"
        }
      ]
    },
    {
      "id": "20241101-1449-4497-44fa-d363a893d3fe",
      "type": "enc_av_xdcamhd",
      "custom_proc_guid": "",
      "name": "XDCAM-HD",
      "bypass": false,
      "start_proc": false,
      "pos_x": 413.1,
      "pos_y": 75,
      "execute_on": "success",
      "preset": {
        "name": "(custom)",
        "id": null
      },
      "properties": {
        "audio": {
          "db_adjust": -23,
          "loudness_table": "",
          "loudness_enable": false,
          "bitdepth": 24,
          "samplerate": 48000,
          "bitrate": null,
          "codec": "pcm_s24le",
          "layout": "default",
          "streams": [
            {
              "codec": "pcm_s24le",
              "samplerate": 48000,
              "bitrate": null,
              "bitdepth": 24,
              "mapping": [
                1
              ]
            },
            {
              "codec": "pcm_s24le",
              "samplerate": 48000,
              "bitrate": null,
              "bitdepth": 24,
              "mapping": [
                2
              ]
            },
            {
              "codec": "pcm_s24le",
              "samplerate": 48000,
              "bitrate": null,
              "bitdepth": 24,
              "mapping": [
                3
              ]
            },
            {
              "codec": "pcm_s24le",
              "samplerate": 48000,
              "bitrate": null,
              "bitdepth": 24,
              "mapping": [
                4
              ]
            },
            {
              "codec": "pcm_s24le",
              "samplerate": 48000,
              "bitrate": null,
              "bitdepth": 24,
              "mapping": [
                5
              ]
            },
            {
              "codec": "pcm_s24le",
              "samplerate": 48000,
              "bitrate": null,
              "bitdepth": 24,
              "mapping": [
                6
              ]
            },
            {
              "codec": "pcm_s24le",
              "samplerate": 48000,
              "bitrate": null,
              "bitdepth": 24,
              "mapping": [
                7
              ]
            },
            {
              "codec": "pcm_s24le",
              "samplerate": 48000,
              "bitrate": null,
              "bitdepth": 24,
              "mapping": [
                8
              ]
            }
          ]
        },
        "video": {
          "format": "1920×1080i50",
          "resizing": "Fit and keep aspect",
          "interlacing": "Autodetect",
          "type": "50 Mbit (422)",
          "processing": "Full transcoding",
          "videorange": "Set to Limited",
          "transformation": "None",
          "tuning": "Normal",
          "gop": "Open",
          "nlq": true
        },
        "avid": {
          "enable": false,
          "clipname": "%s_original_name%",
          "project": "AUTOINGEST",
          "tape": "%s_original_name%"
        },
        "wrapper": "MXF",
        "start_tc": "%s_start_tc%"
      },
      "outbounds": []
    },
    {
      "id": "20241120-2148-2936-90f7-8004db3aed69",
      "type": "op_hold",
      "custom_proc_guid": "",
      "name": "Hold",
      "slots": 1,
      "hosts_group": 0,
      "bypass": false,
      "start_proc": true,
      "pos_x": 75,
      "pos_y": 356.75,
      "execute_on": "success",
      "outbounds": [
        {
          "type": "op_hold",
          "id": "20241120-2149-5337-70e5-2c6e3f7d0c9a"
        },
        {
          "type": "op_hold",
          "id": "20241120-2150-3732-6361-e05968329eaf"
        }
      ]
    },
    {
      "id": "20241120-2148-3164-9bc4-34f8e862b60f",
      "type": "op_populate",
      "custom_proc_guid": "",
      "name": "Populate variables",
      "slots": 1,
      "hosts_group": 0,
      "bypass": false,
      "start_proc": false,
      "pos_x": 751.2,
      "pos_y": 262.833333333333,
      "execute_on": "success",
      "preset": {
        "name": "(custom)",
        "id": null
      },
      "properties": {
        "variables": [
          {
            "name": "s_success",
            "data": "findme",
            "type": "string"
          }
        ]
      },
      "outbounds": [
        {
          "type": "op_populate",
          "id": "20241127-1930-3197-099a-21f5d76d699d"
        }
      ]
    },
    {
      "id": "20241120-2148-3478-2a3f-1650a8843e9d",
      "type": "op_populate",
      "custom_proc_guid": "",
      "name": "Populate variables",
      "slots": 1,
      "hosts_group": 0,
      "bypass": false,
      "start_proc": false,
      "pos_x": 751.2,
      "pos_y": 450.666666666667,
      "execute_on": "success",
      "preset": {
        "name": "(custom)",
        "id": null
      },
      "properties": {
        "variables": [
          {
            "name": "s_success",
            "data": "branchb",
            "type": "string"
          }
        ]
      },
      "outbounds": []
    },
    {
      "id": "20241120-2149-5337-70e5-2c6e3f7d0c9a",
      "type": "op_hold",
      "custom_proc_guid": "",
      "name": "Hold",
      "slots": 1,
      "hosts_group": 0,
      "bypass": false,
      "start_proc": false,
      "pos_x": 413.1,
      "pos_y": 262.833333333333,
      "execute_on": "success",
      "outbounds": [
        {
          "type": "op_populate",
          "id": "20241120-2148-3164-9bc4-34f8e862b60f"
        }
      ],
      "preset": {
        "name": "(custom)",
        "id": null
      },
      "properties": {
        "syncronize": false,
        "sync_time": 3600,
        "sleep": true,
        "sleep_time": "0",
        "file_wait": false,
        "files_list": "",
        "files_count": "0"
      }
    },
    {
      "id": "20241120-2150-3732-6361-e05968329eaf",
      "type": "op_hold",
      "custom_proc_guid": "",
      "name": "Hold",
      "slots": 1,
      "hosts_group": 0,
      "bypass": false,
      "start_proc": false,
      "pos_x": 413.1,
      "pos_y": 450.666666666667,
      "execute_on": "success",
      "outbounds": [
        {
          "type": "op_populate",
          "id": "20241120-2148-3478-2a3f-1650a8843e9d"
        }
      ],
      "preset": {
        "name": "(custom)",
        "id": null
      },
      "properties": {
        "syncronize": false,
        "sync_time": 3600,
        "sleep": true,
        "sleep_time": "0",
        "file_wait": false,
        "files_list": "",
        "files_count": "0"
      }
    },
    {
      "id": "20241121-0857-1726-3586-0eb80fa2469a",
      "type": "enc_av_prores",
      "custom_proc_guid": "",
      "name": "Prores AW/KS",
      "slots": 1,
      "hosts_group": 0,
      "bypass": false,
      "start_proc": true,
      "pos_x": 1089.3,
      "pos_y": 638.5,
      "execute_on": "success",
      "preset": {
        "name": "(custom)",
        "id": null
      },
      "properties": {
        "audio": {
          "bitdepth": 24,
          "codec": "pcm_s24le",
          "samplerate": 48000,
          "db_adjust": -23,
          "loudness_table": "",
          "loudness_enable": true,
          "layout": "default",
          "streams": [
            {
              "codec": "pcm_s24le",
              "samplerate": 48000,
              "bitrate": null,
              "bitdepth": 24,
              "mapping": [
                1
              ]
            },
            {
              "codec": "pcm_s24le",
              "samplerate": 48000,
              "bitrate": null,
              "bitdepth": 24,
              "mapping": [
                2
              ]
            },
            {
              "codec": "pcm_s24le",
              "samplerate": 48000,
              "bitrate": null,
              "bitdepth": 24,
              "mapping": [
                3
              ]
            },
            {
              "codec": "pcm_s24le",
              "samplerate": 48000,
              "bitrate": null,
              "bitdepth": 24,
              "mapping": [
                4
              ]
            }
          ]
        },
        "video": {
          "format": "Same as source",
          "framerate": 30,
          "resizing": "Fit and keep aspect",
          "interlacing": "Autodetect",
          "transformation": "None",
          "profile": "HQ",
          "dar": "16:9",
          "field_order": "Same as source",
          "processing": "Transwrap when possible",
          "videorange": "Set to Limited",
          "colorspace": "Auto"
        },
        "start_tc": "%s_start_tc%",
        "wrapper": "MXF",
        "writinglib": "Lavc"
      },
      "outbounds": []
    },
    {
      "id": "20241121-0859-2624-8944-0e506b389fe5",
      "type": "enc_av_xdcamhd",
      "custom_proc_guid": "",
      "name": "XDCAM-HD",
      "slots": 1,
      "hosts_group": 0,
      "bypass": false,
      "start_proc": true,
      "pos_x": 413.1,
      "pos_y": 638.5,
      "execute_on": "success",
      "preset": {
        "name": "(custom)",
        "id": null
      },
      "properties": {
        "audio": {
          "db_adjust": -23,
          "loudness_table": "",
          "loudness_enable": false,
          "bitdepth": 24,
          "samplerate": 48000,
          "bitrate": null,
          "codec": "pcm_s24le",
          "layout": "default",
          "streams": [
            {
              "codec": "pcm_s24le",
              "samplerate": 48000,
              "bitrate": null,
              "bitdepth": 24,
              "mapping": [
                1
              ]
            },
            {
              "codec": "pcm_s24le",
              "samplerate": 48000,
              "bitrate": null,
              "bitdepth": 24,
              "mapping": [
                2
              ]
            },
            {
              "codec": "pcm_s24le",
              "samplerate": 48000,
              "bitrate": null,
              "bitdepth": 24,
              "mapping": [
                3
              ]
            },
            {
              "codec": "pcm_s24le",
              "samplerate": 48000,
              "bitrate": null,
              "bitdepth": 24,
              "mapping": [
                4
              ]
            }
          ]
        },
        "video": {
          "format": "1920×1080p29.97",
          "resizing": "Fit and keep aspect",
          "interlacing": "Autodetect",
          "type": "50 Mbit (422)",
          "processing": "Full transcoding",
          "videorange": "Set to Limited",
          "transformation": "None",
          "tuning": "Normal",
          "gop": "Open",
          "nlq": true
        },
        "avid": {
          "enable": false,
          "clipname": "%s_original_name%",
          "project": "%s_wf_name%",
          "tape": "%s_original_path~1%"
        },
        "wrapper": "MXF",
        "start_tc": "%s_start_tc%"
      },
      "outbounds": []
    },
    {
      "id": "20241121-1454-2164-07d1-70d581096a58",
      "type": "anal_loudness",
      "custom_proc_guid": "",
      "name": "Loudness",
      "slots": 1,
      "hosts_group": 0,
      "bypass": false,
      "start_proc": true,
      "pos_x": 413.1,
      "pos_y": 920.25,
      "execute_on": "success",
      "preset": {
        "name": "(custom)",
        "id": null
      },
      "properties": {
        "audio": {
          "layout": "default",
          "streams": [
            {
              "codec": null,
              "samplerate": null,
              "bitrate": null,
              "bitdepth": null,
              "mapping": [
                1,
                2
              ]
            }
          ]
        },
        "loop_analysis": true,
        "set_level": "%s_test_column_webui%",
        "set_peak_value": "None",
        "set_sample_peaks": "None",
        "set_threshold": "None",
        "set_lra_low": "None",
        "set_lra_high": "None"
      },
      "outbounds": []
    },
    {
      "id": "20241122-2247-4508-5358-f184d1def93f",
      "type": "op_populate",
      "custom_proc_guid": "",
      "name": "Populate variables",
      "slots": 1,
      "hosts_group": 0,
      "bypass": false,
      "start_proc": true,
      "pos_x": 751.2,
      "pos_y": 920.25,
      "execute_on": "success",
      "preset": {
        "name": "(custom)",
        "id": null
      },
      "properties": {
        "variables": [
          {
            "name": "s_test_column_webui",
            "data": "https://www.google.com/images/branding/googlelogo/2x/googlelogo_light_color_272x92dp.png",
            "type": "string"
          },
          {
            "name": "s_nexis",
            "data": "aa",
            "type": "string"
          }
        ]
      },
      "outbounds": []
    },
    {
      "id": "20241124-1643-2816-0789-e1158be73553",
      "type": "other_textfile",
      "custom_proc_guid": "",
      "name": "Generate text file",
      "slots": 1,
      "hosts_group": 0,
      "bypass": false,
      "start_proc": true,
      "pos_x": 75,
      "pos_y": 920.25,
      "execute_on": "success",
      "preset": {
        "name": "(custom)",
        "id": null
      },
      "properties": {
        "text": "%s_info_mediainfo%\r\n\r\n\r\n%s_info_ffprobe%\r\n\r\n%s_info_exiftool%",
        "encoding": "UTF-8",
        "out_file": "analyis.txt",
        "out_folder": "c:\\temp",
        "append": false,
        "set_to_source": false
      },
      "outbounds": []
    },
    {
      "id": "20241127-1930-3197-099a-21f5d76d699d",
      "type": "op_populate",
      "custom_proc_guid": "",
      "name": "Populate variables",
      "slots": 1,
      "hosts_group": 0,
      "bypass": false,
      "start_proc": false,
      "pos_x": 1089.3,
      "pos_y": 168.916666666667,
      "execute_on": "success",
      "preset": {
        "name": "(custom)",
        "id": null
      },
      "properties": {
        "variables": [
          {
            "name": "s_success",
            "data": "findme",
            "type": "string"
          }
        ]
      },
      "outbounds": [
        {
          "type": "op_populate",
          "id": "20241127-1930-4442-280a-cb5e8d1acc2d"
        }
      ]
    },
    {
      "id": "20241127-1930-4442-280a-cb5e8d1acc2d",
      "type": "op_populate",
      "custom_proc_guid": "",
      "name": "Populate variables",
      "slots": 1,
      "hosts_group": 0,
      "bypass": false,
      "start_proc": false,
      "pos_x": 1765.5,
      "pos_y": 168.916666666667,
      "execute_on": "success",
      "preset": {
        "name": "(custom)",
        "id": null
      },
      "properties": {
        "variables": [
          {
            "name": "s_success",
            "data": "findme",
            "type": "string"
          }
        ]
      },
      "outbounds": [
        {
          "type": "sub_wf",
          "id": "20241127-1958-3137-0346-30045a6d6e98"
        }
      ]
    },
    {
      "id": "20241127-1958-3137-0346-30045a6d6e98",
      "type": "sub_wf",
      "custom_proc_guid": "",
      "name": "Workflow",
      "slots": 1,
      "hosts_group": 0,
      "bypass": false,
      "start_proc": false,
      "pos_x": 1427.4,
      "pos_y": 450.666666666667,
      "execute_on": "success",
      "preset": {
        "name": "(custom)",
        "id": null
      },
      "properties": {
        "workflow_id": "20201202-1809-5299-26dd-aa61d2e8d6c0",
        "node_id": "20241101-1447-4382-1194-b9ae9fd513d7",
        "node_type": "mon_folder",
        "inherit_farm": true,
        "inherit_wf_name": true
      },
      "outbounds": []
    }
  ],
  "variable": {
    "wf_size": 225.4
  },
  "version": "1.4.0.100",
  "farming": {
    "hosts": [],
    "include": false
  }
}