﻿{
  "wf_id": "20240205-2129-3110-2fcb-e8f1f5e0921f",
  "wf_folder": "",
  "description": "",
  "created": "2024-02-05T21:29:31.102+01:00",
  "general": {
    "sleep": 30,
    "priority": "2 (normal)",
    "timeout_level": 3,
    "cron": ""
  },
  "maintainance": {
    "keep_all_workdir": false,
    "keep_failed_workdir": true,
    "work_age": 5,
    "run_on_days": 1234567
  },
  "special": {
    "log_level": "1 (Basic)",
    "force_32bit": false,
    "protected": false,
    "password": ""
  },
  "wf_name": "Recording_WebUi",
  "updated": "2024-12-05T20:29:28.783+01:00",
  "updated_by": "Gam3r1@DESKTOP-3VMPAN6",
  "variable": {
    "wf_size": 205.8
  },
  "nodes": [
    {
      "id": "20200508-0937-3627-36df-59fae977d39d",
      "type": "op_populate",
      "custom_proc_guid": "",
      "bypass": false,
      "execute_on": "success",
      "outbounds": [
        {
          "type": "cmd_run",
          "id": "20240210-2154-4694-3a49-6d146b2f5ce6"
        }
      ],
      "name": "Set Parameters",
      "description": "Recording Duration\r\nSegment Length\r\ndecklink channel\r\nRetry Count",
      "preset": {
        "id": null,
        "name": "(custom)"
      },
      "properties": {
        "variables": [
          {
            "name": "s_duration_ch3",
            "data": "%s_webui_recording_duration%:00",
            "type": "string"
          },
          {
            "name": "s_segment_duration_ch3",
            "data": "%s_webui_recording_duration%:00",
            "type": "string"
          },
          {
            "name": "s_directory_ch3",
            "data": "%s_webui_output_folder%",
            "type": "string"
          },
          {
            "name": "s_decklink_card",
            "data": "%s_webui_decklink_card%",
            "type": "string"
          },
          {
            "name": "i_retry_max_count",
            "data": 2,
            "type": "integer"
          }
        ]
      },
      "pos_x": 75,
      "pos_y": 160.75,
      "start_proc": true,
      "slots": 1,
      "hosts_group": 0
    },
    {
      "id": "20200703-1736-3370-6a98-c784efe30c2e",
      "type": "dest_folder",
      "custom_proc_guid": "",
      "bypass": false,
      "execute_on": "success",
      "preset": {
        "id": null,
        "name": "(custom)"
      },
      "properties": {
        "folder": "%s_directory_ch3%",
        "suffix": "%s_webui_filename_prefix%_%i_year%-%i_mon%-%i_mday%_%i_hour%-%i_min%-%i_sec%",
        "prefix": "",
        "overwrite": false,
        "unique": false,
        "case": "None",
        "drop_name": true,
        "drop_ext": false,
        "move": true,
        "padding": "None"
      },
      "pos_x": 2235.9,
      "pos_y": 160.75,
      "start_proc": false,
      "outbounds": [],
      "name": "Deliver to Folder",
      "slots": 1,
      "hosts_group": 0
    },
    {
      "id": "20210330-0732-2519-51bf-ff869971efc3",
      "type": "other_httpsend",
      "custom_proc_guid": "",
      "name": "HTTP communicate",
      "bypass": false,
      "start_proc": false,
      "pos_x": 1618.5,
      "pos_y": 503.75,
      "execute_on": "success",
      "preset": {
        "name": "(custom)",
        "id": null
      },
      "properties": {
        "method": "POST",
        "body": "{\r\n\r\n\"wf_id\": \"%s_wf_id%\",\r\n\"inputfile\": \"RETRY\",\r\n\"start_proc\": \"\",\r\n\"variables\": [\r\n{\r\n\"name\":\"s_webui_recording_duration\",\r\n\"data\":\"%s_webui_recording_duration%\",\r\n},\r\n{\t\r\n\"name\":\"s_webui_output_folder\"\r\n\"data\":\"%s_webui_output_folder%\",\r\n},\r\n{\r\n\"name\":\"s_webui_decklink_card\"\r\n\"data\":\"%s_webui_decklink_card%\",\r\n},\r\n{\r\n\"name\":\"i_retry_current_count\"\r\n\"data\":\"%i_retry_current_count%\",\r\n}\r\n]\r\n\r\n}",
        "url": "http://localhost:65445/api/v2/jobs/",
        "variable": "None",
        "headers": [
          {
            "name": "Content-Type",
            "value": "application/json;charset=utf-8"
          },
          {
            "name": "",
            "value": ""
          },
          {
            "name": "",
            "value": ""
          },
          {
            "name": "",
            "value": ""
          },
          {
            "name": "",
            "value": ""
          },
          {
            "name": "",
            "value": ""
          },
          {
            "name": "",
            "value": ""
          },
          {
            "name": "",
            "value": ""
          },
          {
            "name": "",
            "value": ""
          },
          {
            "name": "",
            "value": ""
          },
          {
            "name": "",
            "value": ""
          }
        ]
      },
      "outbounds": [
        {
          "type": "op_populate",
          "id": "20210330-0737-1338-9220-8d1322c74602"
        }
      ],
      "slots": 1,
      "description": "Retry",
      "hosts_group": 0
    },
    {
      "id": "20210330-0736-0659-4e6c-38688893ab31",
      "type": "op_hold",
      "custom_proc_guid": "",
      "name": "Hold",
      "bypass": false,
      "start_proc": false,
      "pos_x": 383.7,
      "pos_y": 503.75,
      "execute_on": "error",
      "preset": {
        "name": "(custom)",
        "id": null
      },
      "properties": {
        "syncronize": false,
        "sync_time": 3600,
        "sleep": true,
        "sleep_time": 1,
        "file_wait": false,
        "files_list": "",
        "files_count": "0"
      },
      "outbounds": [
        {
          "type": "op_populate",
          "id": "20241205-1953-5606-32ff-1fbf8916e8e6"
        }
      ],
      "slots": 1,
      "description": "Retry",
      "hosts_group": 0
    },
    {
      "id": "20210330-0737-1338-9220-8d1322c74602",
      "type": "op_populate",
      "custom_proc_guid": "",
      "name": "Populate variables",
      "bypass": false,
      "start_proc": false,
      "pos_x": 1927.2,
      "pos_y": 503.75,
      "execute_on": "success",
      "preset": {
        "name": "(custom)",
        "id": null
      },
      "properties": {
        "variables": [
          {
            "name": "s_error",
            "data": "Failed, Retry Count %i_retry_current_count% of %i_retry_max_count%",
            "type": "string"
          }
        ]
      },
      "outbounds": [],
      "slots": 1,
      "description": "Set Error msg for current job",
      "hosts_group": 0
    },
    {
      "id": "20240205-2237-3262-88bb-c76e5c29976f",
      "type": "op_cond",
      "custom_proc_guid": "",
      "name": "Conditional",
      "slots": 1,
      "hosts_group": 0,
      "bypass": false,
      "start_proc": false,
      "pos_x": 1001.1,
      "pos_y": 503.75,
      "execute_on": "success",
      "preset": {
        "name": "(custom)",
        "id": null
      },
      "properties": {
        "dispel": false,
        "conditionals": [
          {
            "expression_1": "%i_retry_current_count%",
            "operator": "smaller than (<)",
            "expression_2": "%i_retry_max_count%",
            "decide": "Then"
          }
        ]
      },
      "outbounds": [
        {
          "type": "op_populate",
          "id": "20240205-2238-1021-50cc-489d113467e1"
        },
        {
          "type": "op_populate",
          "id": "20240205-2244-3657-0f94-4d16eed0cd08"
        }
      ],
      "description": "Check if max retries "
    },
    {
      "id": "20240205-2238-1021-50cc-489d113467e1",
      "type": "op_populate",
      "custom_proc_guid": "",
      "name": "Populate variables",
      "slots": 1,
      "hosts_group": 0,
      "bypass": false,
      "start_proc": false,
      "pos_x": 1309.8,
      "pos_y": 675.25,
      "execute_on": "error",
      "preset": {
        "name": "(custom)",
        "id": null
      },
      "properties": {
        "variables": [
          {
            "name": "s_error",
            "data": "Recording Failed, Retry Exhausted",
            "type": "string"
          }
        ]
      },
      "description": "Final exit Retry Exhausted",
      "outbounds": []
    },
    {
      "id": "20240205-2244-3657-0f94-4d16eed0cd08",
      "type": "op_populate",
      "custom_proc_guid": "",
      "name": "Populate variables",
      "slots": 1,
      "hosts_group": 0,
      "bypass": false,
      "start_proc": false,
      "pos_x": 1309.8,
      "pos_y": 503.75,
      "execute_on": "success",
      "outbounds": [
        {
          "type": "other_httpsend",
          "id": "20210330-0732-2519-51bf-ff869971efc3"
        }
      ],
      "preset": {
        "name": "(custom)",
        "id": null
      },
      "properties": {
        "variables": [
          {
            "name": "s_webui_output_folder",
            "data": "$replace(\"%s_webui_output_folder%\",\"\\\",\"\\\\\")",
            "type": "string"
          },
          {
            "name": "i_retry_current_count",
            "data": "%i_retry_current_count% + 1",
            "type": "integer"
          }
        ]
      },
      "description": "Raise Retry Count\r\nEscape variables for Http Comm"
    },
    {
      "id": "20240210-2154-4690-7140-8486d46423e8",
      "type": "op_populate",
      "custom_proc_guid": "",
      "name": "Populate variables",
      "slots": 1,
      "hosts_group": 0,
      "bypass": false,
      "start_proc": false,
      "pos_x": 692.4,
      "pos_y": 160.75,
      "execute_on": "success",
      "preset": {
        "name": "(custom)",
        "id": null
      },
      "properties": {
        "variables": [
          {
            "name": "s_options",
            "data": "skip_encoding=True|save_enc_cmd=True",
            "type": "string"
          }
        ]
      },
      "outbounds": [
        {
          "type": "op_cond",
          "id": "20240210-2236-2632-2b41-e156fa14ac4e"
        }
      ],
      "description": "Here is the magic!\r\nDisables encoding using s_options"
    },
    {
      "id": "20240210-2154-4692-3400-993ee7825d01",
      "type": "enc_av_xdcamhd",
      "custom_proc_guid": "",
      "name": "XDCAM-HD",
      "slots": 1,
      "hosts_group": 0,
      "bypass": false,
      "start_proc": false,
      "pos_x": 1309.8,
      "pos_y": 246.5,
      "execute_on": "error",
      "preset": {
        "name": "(custom)",
        "id": null
      },
      "properties": {
        "audio": {
          "db_adjust": -23,
          "loudness_table": "",
          "loudness_enable": false,
          "bitdepth": 24,
          "samplerate": 48000,
          "bitrate": null,
          "codec": "pcm_s24le",
          "layout": "default",
          "streams": [
            {
              "codec": "pcm_s24le",
              "samplerate": 48000,
              "bitrate": null,
              "bitdepth": 24,
              "mapping": [
                1
              ]
            },
            {
              "codec": "pcm_s24le",
              "samplerate": 48000,
              "bitrate": null,
              "bitdepth": 24,
              "mapping": [
                2
              ]
            },
            {
              "codec": "pcm_s24le",
              "samplerate": 48000,
              "bitrate": null,
              "bitdepth": 24,
              "mapping": [
                3
              ]
            },
            {
              "codec": "pcm_s24le",
              "samplerate": 48000,
              "bitrate": null,
              "bitdepth": 24,
              "mapping": [
                4
              ]
            },
            {
              "codec": "pcm_s24le",
              "samplerate": 48000,
              "bitrate": null,
              "bitdepth": 24,
              "mapping": [
                5
              ]
            },
            {
              "codec": "pcm_s24le",
              "samplerate": 48000,
              "bitrate": null,
              "bitdepth": 24,
              "mapping": [
                6
              ]
            },
            {
              "codec": "pcm_s24le",
              "samplerate": 48000,
              "bitrate": null,
              "bitdepth": 24,
              "mapping": [
                7
              ]
            },
            {
              "codec": "pcm_s24le",
              "samplerate": 48000,
              "bitrate": null,
              "bitdepth": 24,
              "mapping": [
                8
              ]
            }
          ]
        },
        "video": {
          "format": "1920×1080i50",
          "resizing": "Fit and keep aspect",
          "interlacing": "Autodetect",
          "type": "50 Mbit (422)",
          "processing": "Full transcoding",
          "videorange": "Set to Limited",
          "transformation": "None",
          "tuning": "Normal",
          "gop": "Open",
          "nlq": true
        },
        "avid": {
          "enable": false,
          "clipname": "%s_original_name%",
          "project": "%s_wf_name%",
          "tape": "%s_original_path~1%"
        },
        "wrapper": "MXF (BMX)",
        "start_tc": "%s_start_tc%"
      },
      "outbounds": [
        {
          "type": "op_populate",
          "id": "20240210-2154-4693-1f5d-daf202394368"
        }
      ],
      "description": "as encoding is disabled, this just calculates the encoding cmd"
    },
    {
      "id": "20240210-2154-4693-1f5d-daf202394368",
      "type": "op_populate",
      "custom_proc_guid": "",
      "name": "Populate variables",
      "slots": 1,
      "hosts_group": 0,
      "bypass": false,
      "start_proc": false,
      "pos_x": 1618.5,
      "pos_y": 160.75,
      "execute_on": "success",
      "outbounds": [
        {
          "type": "cmd_run",
          "id": "20240210-2154-4695-50a3-526f379debdd"
        }
      ],
      "preset": {
        "name": "(custom)",
        "id": null
      },
      "properties": {
        "variables": [
          {
            "name": "s_encode_config",
            "data": "$regreplace(\"%s_last_enc_cmd%\",'-i \".*?\"','-f decklink -i \"%s_decklink_card%\"')",
            "type": "string"
          },
          {
            "name": "s_encode_config",
            "data": "$replace(\"%s_encode_config%\",'%s_ffmpegx64%','ffmpeg.exe')",
            "type": "string"
          },
          {
            "name": "s_encode_config",
            "data": "$regreplace(\"%s_encode_config%\",',drawtext.+? ', \" \")",
            "type": "string"
          },
          {
            "name": "s_encode_config",
            "data": "$regreplace(\"%s_encode_config%\",'creation_time=now ', \"creation_time=now -t %s_duration_ch3% \")",
            "type": "string"
          },
          {
            "name": "s_encode_config",
            "data": "$regreplace(\"%s_encode_config%\",'libx264', 'h264_qsv')",
            "type": "string"
          }
        ]
      },
      "description": "Make some corrections in calculated Encoding command, insert DecklinkInput\r\n"
    },
    {
      "id": "20240210-2154-4694-3a49-6d146b2f5ce6",
      "type": "cmd_run",
      "custom_proc_guid": "",
      "name": "Command executor",
      "slots": 1,
      "hosts_group": 0,
      "bypass": false,
      "start_proc": false,
      "pos_x": 383.7,
      "pos_y": 160.75,
      "execute_on": "success",
      "preset": {
        "name": "(custom)",
        "id": null
      },
      "properties": {
        "command": "\"ffmpeg.exe\"  -analyzeduration 33554432  -stats_period 1.7 -hide_banner -f decklink -i \"%s_decklink_card%\" -t 1 -map 0  \"%s_job_work%\\sample.mkv\"",
        "out_source": "%s_job_work%\\sample.mkv",
        "omit_exit_code": false,
        "console": false,
        "show_command": true,
        "unicode": false,
        "stdout_var_name": "None",
        "set_timeout": 1,
        "error_timeout": 1,
        "std_types": "stdout + stderr"
      },
      "outbounds": [
        {
          "type": "op_populate",
          "id": "20240210-2154-4690-7140-8486d46423e8"
        },
        {
          "type": "op_hold",
          "id": "20210330-0736-0659-4e6c-38688893ab31"
        }
      ],
      "description": "Record 1s sample from decklink for encoding cmd calculation"
    },
    {
      "id": "20240210-2154-4695-50a3-526f379debdd",
      "type": "cmd_run",
      "custom_proc_guid": "",
      "name": "Command executor",
      "slots": 1,
      "hosts_group": 0,
      "bypass": false,
      "start_proc": false,
      "pos_x": 1927.2,
      "pos_y": 160.75,
      "execute_on": "success",
      "preset": {
        "name": "(custom)",
        "id": null
      },
      "properties": {
        "command": "cmd \/C \"%s_encode_config%\"",
        "out_source": "",
        "omit_exit_code": false,
        "console": false,
        "show_command": true,
        "unicode": false,
        "stdout_var_name": "None",
        "set_timeout": 800,
        "error_timeout": 1,
        "std_types": "stdout + stderr"
      },
      "outbounds": [
        {
          "type": "dest_folder",
          "id": "20200703-1736-3370-6a98-c784efe30c2e"
        }
      ],
      "description": "Execute Recording"
    },
    {
      "id": "20240210-2236-2632-2b41-e156fa14ac4e",
      "type": "op_cond",
      "custom_proc_guid": "",
      "name": "Conditional",
      "slots": 1,
      "hosts_group": 0,
      "bypass": false,
      "start_proc": false,
      "pos_x": 1001.1,
      "pos_y": 160.75,
      "execute_on": "success",
      "outbounds": [
        {
          "type": "enc_av_xdcamhd",
          "id": "20240210-2154-4692-3400-993ee7825d01"
        },
        {
          "type": "enc_av_mp4",
          "id": "20240210-2237-0151-00b3-d8f35cf71dc7"
        }
      ],
      "preset": {
        "name": "(custom)",
        "id": null
      },
      "properties": {
        "dispel": false,
        "conditionals": [
          {
            "expression_1": "%s_webui_encoding_profile%",
            "operator": "equal to (=), string",
            "expression_2": "mp4",
            "decide": "Then"
          }
        ]
      },
      "description": "mp4 or else?"
    },
    {
      "id": "20240210-2237-0151-00b3-d8f35cf71dc7",
      "type": "enc_av_mp4",
      "custom_proc_guid": "",
      "name": "H.264",
      "slots": 1,
      "hosts_group": 0,
      "bypass": false,
      "start_proc": false,
      "pos_x": 1309.8,
      "pos_y": 75,
      "execute_on": "success",
      "outbounds": [
        {
          "type": "op_populate",
          "id": "20240210-2154-4693-1f5d-daf202394368"
        }
      ],
      "preset": {
        "name": "(custom)",
        "id": null
      },
      "properties": {
        "audio": {
          "bitrate": 256,
          "bitdepth": 16,
          "codec": "aac",
          "samplerate": 48000,
          "db_adjust": -23,
          "loudness_table": "",
          "loudness_enable": false,
          "layout": "default",
          "streams": [
            {
              "codec": "aac",
              "samplerate": 48000,
              "bitrate": 256,
              "bitdepth": 16,
              "mapping": [
                1,
                2
              ]
            }
          ]
        },
        "video": {
          "bitrate": 4500,
          "level": "auto",
          "profile": "auto",
          "tuning": "none",
          "qspeed": "medium",
          "interlacing": "Autodetect",
          "transformation": "None",
          "field_order": "Progressive",
          "width": "%i_width%",
          "height": "%i_height%",
          "restrict": false,
          "framerate": "%f_frame_rate%",
          "par": "Same as source",
          "dar": "Auto",
          "resizing": "Stretch and lose aspect",
          "colorspace": "Auto",
          "videorange": "Set to Limited"
        },
        "wrapper": "MP4",
        "start_tc": "%s_start_tc%",
        "custom_x264opts": "",
        "faststart": true
      },
      "description": "as encoding is disabled, this just calculates the encoding cmd"
    },
    {
      "id": "20241205-1953-5606-32ff-1fbf8916e8e6",
      "type": "op_populate",
      "custom_proc_guid": "",
      "name": "Populate variables",
      "slots": 1,
      "hosts_group": 0,
      "bypass": false,
      "start_proc": false,
      "pos_x": 692.4,
      "pos_y": 503.75,
      "execute_on": "success",
      "outbounds": [
        {
          "type": "op_cond",
          "id": "20240205-2237-3262-88bb-c76e5c29976f"
        }
      ],
      "preset": {
        "name": "(custom)",
        "id": null
      },
      "properties": {
        "variables": [
          {
            "name": "i_retry_current_count",
            "data": "%i_retry_current_count% = \"\" ? 1 : %i_retry_current_count%",
            "type": "integer"
          }
        ]
      },
      "description": "Set retry count default val"
    }
  ],
  "version": "1.4.0.100",
  "farming": {
    "hosts": [],
    "include": false
  }
}