﻿{
  "wf_id": "20241011-1720-1341-8ee6-84ca025e8ed0",
  "wf_name": "Adv - \u043a\u043e\u043f\u0438\u0440\u043e\u0432\u0430\u043d\u0438\u0435 \u0432 \u0438\u043c\u043f\u043e\u0440\u0442 (nas04, nas05, nas06)",
  "wf_folder": "a.goryunov",
  "description": "",
  "updated": "2024-12-03T16:03:28.733+03:00",
  "updated_by": "\u0410\u0434\u043c\u0438\u043d\u0438\u0441\u0442\u0440\u0430\u0442\u043e\u0440@SRV-CINEGY1",
  "created": "2024-10-11T17:20:13.418+03:00",
  "general": {
    "sleep": 30,
    "priority": "4 (very high)",
    "timeout_level": 3,
    "cron": ""
  },
  "maintainance": {
    "keep_all_workdir": false,
    "keep_failed_workdir": true,
    "cleanup_time": "04:00",
    "records_age": 5,
    "work_age": 5,
    "run_on_days": 1234567
  },
  "special": {
    "log_level": "1 (Basic)",
    "force_32bit": false,
    "read_timecode": false,
    "protected": false,
    "password": ""
  },
  "nodes": [
    {
      "id": "20241011-1720-3043-37ec-e7aad0d32419",
      "type": "mon_folder",
      "custom_proc_guid": "",
      "name": "Folder",
      "slots": 1,
      "hosts_group": 0,
      "bypass": false,
      "start_proc": true,
      "pos_x": 75,
      "pos_y": 75,
      "execute_on": "success",
      "preset": {
        "name": "(custom)",
        "id": null
      },
      "properties": {
        "folder": "\\\\nas06.tv.lan\\FTP_StartAirAdv",
        "accept_files": "*.mxf",
        "deny": {
          "files": "",
          "folders": "",
          "attributes": {
            "read": false,
            "arch": false,
            "sys": false,
            "hidden": false
          }
        },
        "recurse": false,
        "localize": false,
        "create_folder": false,
        "growing_files": true,
        "forget_missing": true,
        "skip_verify": false,
        "file_size_mod": "once",
        "file_limit": "None"
      },
      "outbounds": [
        {
          "type": "op_hold",
          "id": "20241011-1720-4772-7d1f-7f7a517aa789"
        }
      ],
      "description": "Start Air"
    },
    {
      "id": "20241011-1720-4772-7d1f-7f7a517aa789",
      "type": "op_hold",
      "custom_proc_guid": "",
      "name": "Hold",
      "slots": 1,
      "hosts_group": 0,
      "bypass": false,
      "start_proc": false,
      "pos_x": 247.5,
      "pos_y": 75,
      "execute_on": "success",
      "preset": {
        "name": "(custom)",
        "id": null
      },
      "properties": {
        "syncronize": false,
        "sync_time": 3600,
        "sleep": true,
        "sleep_time": 60,
        "file_wait": false,
        "files_list": "",
        "files_count": "0"
      },
      "outbounds": [
        {
          "type": "dest_folder",
          "id": "20241014-1612-4897-23cf-7209c1c936cc"
        }
      ]
    },
    {
      "id": "20241011-1721-1585-8431-94e236dfafdd",
      "type": "cmd_run",
      "custom_proc_guid": "",
      "name": "Command executor",
      "slots": 1,
      "hosts_group": 0,
      "bypass": false,
      "start_proc": false,
      "pos_x": 592.5,
      "pos_y": 75,
      "execute_on": "success",
      "preset": {
        "name": "(custom)",
        "id": null
      },
      "properties": {
        "command": "%comspec% \/C \"move \/y \"%s_original_full%\" \"%s_original_path%\\Processed\"\"",
        "out_source": "",
        "omit_exit_code": false,
        "console": false,
        "show_command": true,
        "stdout_var_name": "None",
        "set_timeout": 120,
        "error_timeout": 1,
        "std_types": "stdout + stderr"
      },
      "outbounds": [
        {
          "type": "cmd_run",
          "id": "20241011-1721-5709-5c8b-558467f59a97"
        }
      ]
    },
    {
      "id": "20241011-1721-5709-5c8b-558467f59a97",
      "type": "cmd_run",
      "custom_proc_guid": "",
      "name": "Command executor",
      "slots": 1,
      "hosts_group": 0,
      "bypass": false,
      "start_proc": false,
      "pos_x": 765,
      "pos_y": 75,
      "execute_on": "success",
      "preset": {
        "name": "(custom)",
        "id": null
      },
      "properties": {
        "command": "%comspec% \/C \"move \/y \"%s_original_path%\\%s_original_name%.%s_original_ext%.MD5HASH.txt\" \"%s_original_path%\\Processed\"\"",
        "out_source": "",
        "omit_exit_code": true,
        "console": false,
        "show_command": true,
        "stdout_var_name": "None",
        "set_timeout": 120,
        "error_timeout": 1,
        "std_types": "stdout + stderr",
        "unicode": false
      },
      "outbounds": [
        {
          "type": "op_populate",
          "id": "20241107-1521-5450-4c45-2836fb602a12"
        }
      ]
    },
    {
      "id": "20241014-1612-4897-23cf-7209c1c936cc",
      "type": "dest_folder",
      "custom_proc_guid": "",
      "name": "Folder",
      "slots": 1,
      "hosts_group": 0,
      "bypass": false,
      "start_proc": false,
      "pos_x": 420,
      "pos_y": 75,
      "execute_on": "success",
      "preset": {
        "name": "(custom)",
        "id": null
      },
      "properties": {
        "folder": "\\\\nas06.tv.lan\\StartArchive\\Import\\Video\\Adv_\u041d\u0420\u0410",
        "suffix": "",
        "prefix": "",
        "overwrite": true,
        "unique": false,
        "case": "None",
        "drop_name": false,
        "drop_ext": false,
        "move": false,
        "padding": "None"
      },
      "outbounds": [
        {
          "type": "cmd_run",
          "id": "20241011-1721-1585-8431-94e236dfafdd"
        }
      ]
    },
    {
      "id": "20241107-1514-4226-194d-05760e7b9430",
      "type": "mon_folder",
      "custom_proc_guid": "",
      "name": "Folder",
      "slots": 1,
      "hosts_group": 0,
      "bypass": false,
      "start_proc": true,
      "pos_x": 75,
      "pos_y": 170.833333333333,
      "execute_on": "success",
      "preset": {
        "name": "(custom)",
        "id": null
      },
      "properties": {
        "folder": "\\\\192.168.24.101\\Ingest\\",
        "accept_files": "*.mxf",
        "deny": {
          "files": "",
          "folders": "",
          "attributes": {
            "read": false,
            "arch": false,
            "sys": false,
            "hidden": false
          }
        },
        "recurse": false,
        "localize": false,
        "create_folder": false,
        "growing_files": true,
        "forget_missing": true,
        "skip_verify": false,
        "file_size_mod": "once",
        "file_limit": "None"
      },
      "outbounds": [
        {
          "type": "op_hold",
          "id": "20241107-1514-4226-8d86-7fdb03551131"
        }
      ],
      "description": "\u041c\u0443\u043b\u044c\u0442\u0438\u043b\u0430\u043d\u0434\u0438\u044f"
    },
    {
      "id": "20241107-1514-4226-8d86-7fdb03551131",
      "type": "op_hold",
      "custom_proc_guid": "",
      "name": "Hold",
      "slots": 1,
      "hosts_group": 0,
      "bypass": false,
      "start_proc": false,
      "pos_x": 247.5,
      "pos_y": 170.833333333333,
      "execute_on": "success",
      "preset": {
        "name": "(custom)",
        "id": null
      },
      "properties": {
        "syncronize": false,
        "sync_time": 3600,
        "sleep": true,
        "sleep_time": 60,
        "file_wait": false,
        "files_list": "",
        "files_count": "0"
      },
      "outbounds": [
        {
          "type": "dest_folder",
          "id": "20241107-1514-4229-3551-88907a7a3eae"
        }
      ]
    },
    {
      "id": "20241107-1514-4227-6bbc-687c6bf077b8",
      "type": "cmd_run",
      "custom_proc_guid": "",
      "name": "Command executor",
      "slots": 1,
      "hosts_group": 0,
      "bypass": false,
      "start_proc": false,
      "pos_x": 592.5,
      "pos_y": 170.833333333333,
      "execute_on": "success",
      "preset": {
        "name": "(custom)",
        "id": null
      },
      "properties": {
        "command": "%comspec% \/C \"move \/y \"%s_original_full%\" \"%s_original_path%\\Processed\"\"",
        "out_source": "",
        "omit_exit_code": false,
        "console": false,
        "show_command": true,
        "stdout_var_name": "None",
        "set_timeout": 120,
        "error_timeout": 1,
        "std_types": "stdout + stderr",
        "unicode": false
      },
      "outbounds": [
        {
          "type": "cmd_run",
          "id": "20241107-1514-4228-6a3a-941307b2f988"
        }
      ]
    },
    {
      "id": "20241107-1514-4228-6a3a-941307b2f988",
      "type": "cmd_run",
      "custom_proc_guid": "",
      "name": "Command executor",
      "slots": 1,
      "hosts_group": 0,
      "bypass": false,
      "start_proc": false,
      "pos_x": 765,
      "pos_y": 170.833333333333,
      "execute_on": "success",
      "preset": {
        "name": "(custom)",
        "id": null
      },
      "properties": {
        "command": "%comspec% \/C \"move \/y \"%s_original_path%\\%s_original_name%.%s_original_ext%.MD5HASH.txt\" \"%s_original_path%\\Processed\"\"",
        "out_source": "",
        "omit_exit_code": true,
        "console": false,
        "show_command": true,
        "stdout_var_name": "None",
        "set_timeout": 120,
        "error_timeout": 1,
        "std_types": "stdout + stderr",
        "unicode": false
      },
      "outbounds": [
        {
          "type": "op_populate",
          "id": "20241107-1521-2110-6e58-932717abc129"
        }
      ]
    },
    {
      "id": "20241107-1514-4229-3551-88907a7a3eae",
      "type": "dest_folder",
      "custom_proc_guid": "",
      "name": "Folder",
      "slots": 1,
      "hosts_group": 0,
      "bypass": false,
      "start_proc": false,
      "pos_x": 420,
      "pos_y": 170.833333333333,
      "execute_on": "success",
      "preset": {
        "name": "(custom)",
        "id": null
      },
      "properties": {
        "folder": "\\\\nas06.tv.lan\\StartArchive\\Import\\Video\\Adv_\u041d\u0420\u0410",
        "suffix": "",
        "prefix": "",
        "overwrite": true,
        "unique": false,
        "case": "None",
        "drop_name": false,
        "drop_ext": false,
        "move": false,
        "padding": "None"
      },
      "outbounds": [
        {
          "type": "cmd_run",
          "id": "20241107-1514-4227-6bbc-687c6bf077b8"
        }
      ]
    },
    {
      "id": "20241107-1516-3717-42ae-3bec17cdfae1",
      "type": "mon_folder",
      "custom_proc_guid": "",
      "name": "Folder",
      "slots": 1,
      "hosts_group": 0,
      "bypass": false,
      "start_proc": true,
      "pos_x": 75,
      "pos_y": 266.666666666667,
      "execute_on": "success",
      "preset": {
        "name": "(custom)",
        "id": null
      },
      "properties": {
        "folder": "\\\\nas05.tv.lan\\SonyAdv",
        "accept_files": "*.mxf",
        "deny": {
          "files": "",
          "folders": "",
          "attributes": {
            "read": false,
            "arch": false,
            "sys": false,
            "hidden": false
          }
        },
        "recurse": false,
        "localize": false,
        "create_folder": false,
        "growing_files": true,
        "forget_missing": true,
        "skip_verify": false,
        "file_size_mod": "once",
        "file_limit": "None"
      },
      "outbounds": [
        {
          "type": "op_hold",
          "id": "20241107-1516-3718-284d-2594be287847"
        }
      ],
      "description": "RBS"
    },
    {
      "id": "20241107-1516-3718-284d-2594be287847",
      "type": "op_hold",
      "custom_proc_guid": "",
      "name": "Hold",
      "slots": 1,
      "hosts_group": 0,
      "bypass": false,
      "start_proc": false,
      "pos_x": 247.5,
      "pos_y": 266.666666666667,
      "execute_on": "success",
      "preset": {
        "name": "(custom)",
        "id": null
      },
      "properties": {
        "syncronize": false,
        "sync_time": 3600,
        "sleep": true,
        "sleep_time": 60,
        "file_wait": false,
        "files_list": "",
        "files_count": "0"
      },
      "outbounds": [
        {
          "type": "dest_folder",
          "id": "20241107-1516-3721-015d-dd33df32fc2e"
        }
      ]
    },
    {
      "id": "20241107-1516-3719-563f-6ef6743be35a",
      "type": "cmd_run",
      "custom_proc_guid": "",
      "name": "Command executor",
      "slots": 1,
      "hosts_group": 0,
      "bypass": false,
      "start_proc": false,
      "pos_x": 592.5,
      "pos_y": 266.666666666667,
      "execute_on": "success",
      "preset": {
        "name": "(custom)",
        "id": null
      },
      "properties": {
        "command": "%comspec% \/C \"move \/y \"%s_original_full%\" \"%s_original_path%\\Processed\"\"",
        "out_source": "",
        "omit_exit_code": false,
        "console": false,
        "show_command": true,
        "stdout_var_name": "None",
        "set_timeout": 120,
        "error_timeout": 1,
        "std_types": "stdout + stderr",
        "unicode": false
      },
      "outbounds": [
        {
          "type": "cmd_run",
          "id": "20241107-1516-3720-3d45-4add048957d0"
        }
      ]
    },
    {
      "id": "20241107-1516-3720-3d45-4add048957d0",
      "type": "cmd_run",
      "custom_proc_guid": "",
      "name": "Command executor",
      "slots": 1,
      "hosts_group": 0,
      "bypass": false,
      "start_proc": false,
      "pos_x": 765,
      "pos_y": 266.666666666667,
      "execute_on": "success",
      "preset": {
        "name": "(custom)",
        "id": null
      },
      "properties": {
        "command": "%comspec% \/C \"move \/y \"%s_original_path%\\%s_original_name%.%s_original_ext%.MD5HASH.txt\" \"%s_original_path%\\Processed\"\"",
        "out_source": "",
        "omit_exit_code": true,
        "console": false,
        "show_command": true,
        "stdout_var_name": "None",
        "set_timeout": 120,
        "error_timeout": 1,
        "std_types": "stdout + stderr",
        "unicode": false
      },
      "outbounds": [
        {
          "type": "op_populate",
          "id": "20241107-1520-2031-87c5-cc6644520d99"
        }
      ]
    },
    {
      "id": "20241107-1516-3721-015d-dd33df32fc2e",
      "type": "dest_folder",
      "custom_proc_guid": "",
      "name": "Folder",
      "slots": 1,
      "hosts_group": 0,
      "bypass": false,
      "start_proc": false,
      "pos_x": 420,
      "pos_y": 266.666666666667,
      "execute_on": "success",
      "preset": {
        "name": "(custom)",
        "id": null
      },
      "properties": {
        "folder": "\\\\nas06.tv.lan\\D\\Sony\\Import\\ImportAds",
        "suffix": "",
        "prefix": "",
        "overwrite": true,
        "unique": false,
        "case": "None",
        "drop_name": false,
        "drop_ext": false,
        "move": false,
        "padding": "None"
      },
      "outbounds": [
        {
          "type": "cmd_run",
          "id": "20241107-1516-3719-563f-6ef6743be35a"
        }
      ]
    },
    {
      "id": "20241107-1520-2031-87c5-cc6644520d99",
      "type": "op_populate",
      "custom_proc_guid": "",
      "name": "Populate variables",
      "slots": 1,
      "hosts_group": 0,
      "bypass": false,
      "start_proc": false,
      "pos_x": 937.5,
      "pos_y": 266.666666666667,
      "execute_on": "success",
      "preset": {
        "name": "(custom)",
        "id": null
      },
      "properties": {
        "variables": [
          {
            "name": "s_success",
            "data": "\u0424\u0430\u0439\u043b \u0441\u043a\u043e\u043f\u0438\u0440\u043e\u0432\u0430\u043d \u0432 \u043f\u0430\u043f\u043a\u0443 \u0438\u043c\u043f\u043e\u0440\u0442\u0430 RBS",
            "type": "string"
          }
        ]
      },
      "outbounds": []
    },
    {
      "id": "20241107-1521-2110-6e58-932717abc129",
      "type": "op_populate",
      "custom_proc_guid": "",
      "name": "Populate variables",
      "slots": 1,
      "hosts_group": 0,
      "bypass": false,
      "start_proc": false,
      "pos_x": 937.5,
      "pos_y": 170.833333333333,
      "execute_on": "success",
      "preset": {
        "name": "(custom)",
        "id": null
      },
      "properties": {
        "variables": [
          {
            "name": "s_success",
            "data": "\u0424\u0430\u0439\u043b \u0441\u043a\u043e\u043f\u0438\u0440\u043e\u0432\u0430\u043d \u0432 \u043f\u0430\u043f\u043a\u0443 \u0438\u043c\u043f\u043e\u0440\u0442\u0430 \u041c\u0443\u043b\u044c\u0442\u0438\u043b\u0430\u043d\u0434\u0438\u0438",
            "type": "string"
          }
        ]
      },
      "outbounds": []
    },
    {
      "id": "20241107-1521-5450-4c45-2836fb602a12",
      "type": "op_populate",
      "custom_proc_guid": "",
      "name": "Populate variables",
      "slots": 1,
      "hosts_group": 0,
      "bypass": false,
      "start_proc": false,
      "pos_x": 937.5,
      "pos_y": 75,
      "execute_on": "success",
      "preset": {
        "name": "(custom)",
        "id": null
      },
      "properties": {
        "variables": [
          {
            "name": "s_success",
            "data": "\u0424\u0430\u0439\u043b \u0441\u043a\u043e\u043f\u0438\u0440\u043e\u0432\u0430\u043d \u0432 \u043f\u0430\u043f\u043a\u0443 \u0438\u043c\u043f\u043e\u0440\u0442\u0430 Start Air",
            "type": "string"
          }
        ]
      },
      "outbounds": []
    }
  ],
  "version": "1.4.0.100",
  "variable": {
    "wf_size": 115
  },
  "farming": {
    "hosts": [
      1,
      4
    ],
    "include": true
  }
}