﻿{
  "wf_id": "20241127-2115-4188-4480-443b1f8615c3",
  "wf_name": "4",
  "wf_folder": "",
  "description": "",
  "updated": "2024-11-27T21:20:05.595+01:00",
  "updated_by": "Gam3r1@DESKTOP-3VMPAN6",
  "created": "2024-11-27T21:15:41.884+01:00",
  "general": {
    "sleep": 2,
    "priority": "2 (normal)",
    "timeout_level": 3,
    "cron": ""
  },
  "maintainance": {
    "keep_all_workdir": false,
    "keep_failed_workdir": true,
    "work_age": 5,
    "run_on_days": 1234567
  },
  "special": {
    "log_level": "1 (Basic)",
    "force_32bit": false,
    "protected": false,
    "password": ""
  },
  "nodes": [
    {
      "id": "20241127-1927-2650-4ede-fbf4a9c4fdbf",
      "type": "sub_wf",
      "custom_proc_guid": "",
      "name": "Workflow",
      "slots": 1,
      "hosts_group": 0,
      "bypass": false,
      "start_proc": false,
      "pos_x": 316.5,
      "pos_y": 75,
      "execute_on": "success",
      "preset": {
        "name": "(custom)",
        "id": null
      },
      "properties": {
        "workflow_id": "20241104-2331-4870-3f54-69dfe97ba324",
        "node_id": "20241120-2148-2936-90f7-8004db3aed69",
        "node_type": "op_hold",
        "inherit_farm": true,
        "inherit_wf_name": true
      },
      "outbounds": [],
      "description": "4"
    },
    {
      "id": "20241127-2119-5960-77c4-05af9c9bc157",
      "type": "op_populate",
      "custom_proc_guid": "",
      "name": "Populate variables",
      "slots": 1,
      "hosts_group": 0,
      "bypass": false,
      "start_proc": true,
      "pos_x": 75,
      "pos_y": 75,
      "execute_on": "success",
      "outbounds": [
        {
          "type": "sub_wf",
          "id": "20241127-1927-2650-4ede-fbf4a9c4fdbf"
        }
      ],
      "description": "4"
    }
  ],
  "version": "1.4.0.100",
  "variable": {
    "wf_size": 161
  },
  "farming": {
    "hosts": [],
    "include": false
  }
}