﻿{
  "wf_id": "20241127-2115-4540-821d-be027c1ebb6f",
  "wf_name": "6",
  "wf_folder": "",
  "description": "",
  "updated": "2024-11-27T21:18:25.334+01:00",
  "updated_by": "Gam3r1@DESKTOP-3VMPAN6",
  "created": "2024-11-27T21:15:45.408+01:00",
  "general": {
    "sleep": 2,
    "priority": "2 (normal)",
    "timeout_level": 3,
    "cron": ""
  },
  "maintainance": {
    "keep_all_workdir": false,
    "keep_failed_workdir": true,
    "work_age": 5,
    "run_on_days": 1234567
  },
  "special": {
    "log_level": "1 (Basic)",
    "force_32bit": false,
    "protected": false,
    "password": ""
  },
  "nodes": [
    {
      "id": "20241114-2232-5534-9ba7-126e31a75eae",
      "type": "op_populate",
      "custom_proc_guid": "",
      "name": "Populate variables",
      "slots": 1,
      "hosts_group": 0,
      "bypass": false,
      "start_proc": false,
      "pos_x": 198.214285714286,
      "pos_y": 75,
      "execute_on": "success",
      "outbounds": []
    },
    {
      "id": "20241114-2233-0137-7bc9-14cc7228d2cf",
      "type": "op_populate",
      "custom_proc_guid": "",
      "name": "Populate variables",
      "slots": 1,
      "hosts_group": 0,
      "bypass": false,
      "start_proc": false,
      "pos_x": 198.214285714286,
      "pos_y": 143.452380952381,
      "execute_on": "success",
      "outbounds": []
    },
    {
      "id": "20241114-2233-0703-04a4-82837b9446ce",
      "type": "op_populate",
      "custom_proc_guid": "",
      "name": "Populate variables",
      "slots": 1,
      "hosts_group": 0,
      "bypass": false,
      "start_proc": true,
      "pos_x": 75,
      "pos_y": 109.226190476191,
      "execute_on": "success",
      "outbounds": [
        {
          "type": "op_populate",
          "id": "20241114-2232-5534-9ba7-126e31a75eae"
        },
        {
          "type": "op_populate",
          "id": "20241114-2233-0137-7bc9-14cc7228d2cf"
        }
      ],
      "description": "LAST"
    }
  ],
  "version": "1.4.0.100",
  "variable": {
    "wf_size": 82.1428571428573
  },
  "farming": {
    "hosts": [],
    "include": false
  }
}