﻿{
  "wf_id": "20240304-2102-5538-4cdb-e481189aa497",
  "wf_name": "emcodem_gpu_encode",
  "wf_folder": "",
  "description": "",
  "updated": "2024-12-16T17:10:52.711+01:00",
  "updated_by": "Gam3r1@DESKTOP-3VMPAN6",
  "created": "2024-03-04T21:02:55.384+01:00",
  "general": {},
  "maintainance": {},
  "special": {},
  "nodes": [
    {
      "id": "20240304-2103-0835-8e4d-04c3a5c98f10",
      "type": "op_populate",
      "custom_proc_guid": "",
      "name": "Populate variables",
      "slots": 1,
      "hosts_group": 0,
      "bypass": false,
      "start_proc": true,
      "pos_x": 75,
      "pos_y": 75,
      "execute_on": "success",
      "preset": {
        "name": "(custom)",
        "id": null
      },
      "properties": {
        "variables": [
          {
            "name": "s_options",
            "data": "skip_encoding=True|save_enc_cmd=True",
            "type": "string"
          }
        ]
      },
      "outbounds": [
        {
          "type": "enc_av_mp4",
          "id": "20241216-1710-3544-2abc-7bd4d5bc8b57"
        }
      ],
      "description": "Submit File Here (or use monitor before here)"
    },
    {
      "id": "20240304-2103-4176-56b3-1759fed05b8d",
      "type": "op_populate",
      "custom_proc_guid": "",
      "name": "Populate variables",
      "slots": 1,
      "hosts_group": 0,
      "bypass": false,
      "start_proc": false,
      "pos_x": 420,
      "pos_y": 75,
      "execute_on": "success",
      "preset": {
        "name": "(custom)",
        "id": null
      },
      "properties": {
        "variables": [
          {
            "name": "s_custom_encode_cmd",
            "data": "%s_last_enc_cmd%",
            "type": "string"
          },
          {
            "name": "s_custom_encode_cmd",
            "data": "$regreplace(\"%s_custom_encode_cmd%\",\"libx264\",\"h264_nvenc\")",
            "type": "string"
          }
        ]
      },
      "outbounds": [
        {
          "type": "cmd_run",
          "id": "20240304-2104-5985-4144-e214ee9cb860"
        }
      ],
      "description": "replace x264 encoder by h264_nvenc or h264_qsv encoder or similar"
    },
    {
      "id": "20240304-2104-5985-4144-e214ee9cb860",
      "type": "cmd_run",
      "custom_proc_guid": "",
      "name": "Command executor",
      "slots": 1,
      "hosts_group": 0,
      "bypass": false,
      "start_proc": false,
      "pos_x": 592.5,
      "pos_y": 75,
      "execute_on": "success",
      "preset": {
        "name": "(custom)",
        "id": null
      },
      "properties": {
        "command": "%s_custom_encode_cmd%",
        "out_source": "",
        "omit_exit_code": false,
        "console": false,
        "show_command": true,
        "unicode": false,
        "stdout_var_name": "None",
        "set_timeout": 120,
        "error_timeout": 1,
        "std_types": "stdout + stderr"
      },
      "outbounds": [
        {
          "type": "dest_folder",
          "id": "20240304-2107-2210-2faa-883e23ce745e"
        }
      ],
      "description": "execute the actual encoding cmd. Note that s_source has been set by h.264 processor already to the designated output file, we do not change s_source here, it just stays as it is"
    },
    {
      "id": "20240304-2107-2210-2faa-883e23ce745e",
      "type": "dest_folder",
      "custom_proc_guid": "",
      "name": "Folder",
      "slots": 1,
      "hosts_group": 0,
      "bypass": false,
      "start_proc": false,
      "pos_x": 765,
      "pos_y": 75,
      "execute_on": "success",
      "preset": {
        "name": "(custom)",
        "id": null
      },
      "properties": {
        "folder": "c:\\temp",
        "suffix": "hardware_encoded",
        "prefix": "",
        "overwrite": false,
        "unique": true,
        "case": "None",
        "drop_name": false,
        "drop_ext": false,
        "move": false,
        "padding": "None"
      },
      "outbounds": []
    },
    {
      "id": "20241216-1707-2857-8298-28e7c6c93de5",
      "type": "other_textfile",
      "custom_proc_guid": "",
      "name": "Generate text file",
      "slots": 1,
      "hosts_group": 0,
      "bypass": false,
      "start_proc": false,
      "pos_x": 420,
      "pos_y": 218.75,
      "execute_on": "success",
      "preset": {
        "name": "(custom)",
        "id": null
      },
      "properties": {
        "text": "%s_last_enc_cmd%",
        "encoding": "UTF-8",
        "out_file": "enc.txt",
        "out_folder": "c:\\temp",
        "append": false,
        "set_to_source": false
      }
    },
    {
      "id": "20241216-1710-3544-2abc-7bd4d5bc8b57",
      "type": "enc_av_mp4",
      "custom_proc_guid": "",
      "name": "H.264",
      "slots": 1,
      "hosts_group": 0,
      "bypass": false,
      "start_proc": false,
      "pos_x": 247.5,
      "pos_y": 75,
      "execute_on": "success",
      "outbounds": [
        {
          "type": "op_populate",
          "id": "20240304-2103-4176-56b3-1759fed05b8d"
        },
        {
          "type": "other_textfile",
          "id": "20241216-1707-2857-8298-28e7c6c93de5"
        }
      ],
      "preset": {
        "name": "(custom)",
        "id": null
      },
      "properties": {
        "audio": {
          "bitrate": 128,
          "bitdepth": 16,
          "codec": "aac",
          "samplerate": 48000,
          "db_adjust": -23,
          "loudness_table": "",
          "loudness_enable": false,
          "layout": "default",
          "streams": [
            {
              "codec": "aac",
              "samplerate": 48000,
              "bitrate": 128,
              "bitdepth": 16,
              "mapping": [
                1,
                2
              ]
            }
          ]
        },
        "video": {
          "bitrate": 2500,
          "level": "auto",
          "profile": "auto",
          "tuning": "none",
          "qspeed": "medium",
          "interlacing": "Autodetect",
          "transformation": "None",
          "field_order": "Progressive",
          "width": "%i_width%",
          "height": "%i_height%",
          "restrict": false,
          "framerate": "%f_frame_rate%",
          "par": "Same as source",
          "dar": "Auto",
          "resizing": "Stretch and lose aspect",
          "colorspace": "Auto",
          "videorange": "Set to Limited"
        },
        "wrapper": "MP4",
        "start_tc": "%s_start_tc%",
        "custom_x264opts": "",
        "faststart": true
      }
    }
  ],
  "version": "1.4.0.100",
  "variable": {
    "wf_size": 115
  }
}