﻿{
  "computername": "DESKTOP-3VMPAN6",
  "active": true,
  "os": {
    "type": "WIN32_NT",
    "architecture": "X64",
    "build": 22631,
    "version": "WIN_11",
    "lang": "0407",
    "code_page": 1252
  },
  "cpu": {
    "architecture": "X64",
    "cores": 20,
    "identifier": "Intel64 Family 6 Model 183 Stepping 1, GenuineIntel",
    "revision": "b701"
  },
  "ip_address": "192.168.0.110",
  "ffas_end_time": null,
  "web_enable": true,
  "web_port": 65445,
  "cpu_roof": 100,
  "work_root": "c:\\.ffastrans_work_root",
  "core_usage": 1,
  "local_processing": true,
  "ffas_start_time": "2025-01-12T14:26:38.047+01:00",
  "last_heartbeat": "2025-01-12T14:26:38.047+01:00",
  "service_priority": 3
}