﻿{
  "wf_id": "20241104-2324-3179-0747-e27cfa3af0dd",
  "wf_name": "1",
  "wf_folder": "",
  "description": "",
  "updated": "2024-11-27T21:18:34.969+01:00",
  "updated_by": "Gam3r1@DESKTOP-3VMPAN6",
  "created": "2024-11-04T23:24:31.790+01:00",
  "general": {
    "sleep": 2,
    "priority": "2 (normal)",
    "timeout_level": 3,
    "cron": ""
  },
  "maintainance": {
    "keep_all_workdir": false,
    "keep_failed_workdir": true,
    "work_age": 5,
    "run_on_days": 1234567
  },
  "special": {
    "log_level": "1 (Basic)",
    "force_32bit": false,
    "protected": false,
    "password": ""
  },
  "nodes": [
    {
      "id": "20241114-2232-0862-5f07-5d0727ef4d8e",
      "type": "op_hold",
      "custom_proc_guid": "",
      "name": "Hold",
      "slots": 1,
      "hosts_group": 0,
      "bypass": false,
      "start_proc": false,
      "pos_x": 420,
      "pos_y": 75,
      "execute_on": "success",
      "preset": {
        "name": "(custom)",
        "id": null
      },
      "properties": {
        "syncronize": false,
        "sync_time": 3600,
        "sleep": true,
        "sleep_time": "0",
        "file_wait": false,
        "files_list": "",
        "files_count": "0"
      },
      "outbounds": [
        {
          "type": "sub_wf",
          "id": "20241127-1927-2650-4ede-fbf4a9c4fdbf"
        }
      ]
    },
    {
      "id": "20241114-2232-5534-9ba7-126e31a75eae",
      "type": "op_populate",
      "custom_proc_guid": "",
      "name": "Populate variables",
      "slots": 1,
      "hosts_group": 0,
      "bypass": false,
      "start_proc": false,
      "pos_x": 247.5,
      "pos_y": 75,
      "execute_on": "success",
      "outbounds": [
        {
          "type": "op_hold",
          "id": "20241114-2232-0862-5f07-5d0727ef4d8e"
        }
      ]
    },
    {
      "id": "20241114-2233-0703-04a4-82837b9446ce",
      "type": "op_populate",
      "custom_proc_guid": "",
      "name": "Populate variables",
      "slots": 1,
      "hosts_group": 0,
      "bypass": false,
      "start_proc": true,
      "pos_x": 75,
      "pos_y": 122.916666666667,
      "execute_on": "success",
      "outbounds": [
        {
          "type": "op_populate",
          "id": "20241114-2232-5534-9ba7-126e31a75eae"
        }
      ],
      "description": "FIRST"
    },
    {
      "id": "20241127-1927-2650-4ede-fbf4a9c4fdbf",
      "type": "sub_wf",
      "custom_proc_guid": "",
      "name": "Workflow",
      "slots": 1,
      "hosts_group": 0,
      "bypass": false,
      "start_proc": false,
      "pos_x": 592.500000000001,
      "pos_y": 75,
      "execute_on": "success",
      "preset": {
        "name": "(custom)",
        "id": null
      },
      "properties": {
        "workflow_id": "20241127-2115-3632-72b2-8c45650dc74f",
        "node_id": "20241114-2233-0703-04a4-82837b9446ce",
        "node_type": "op_populate",
        "inherit_farm": true,
        "inherit_wf_name": true
      },
      "outbounds": [],
      "description": "1"
    }
  ],
  "version": "1.4.0.100",
  "variable": {
    "wf_size": 115
  },
  "farming": {
    "hosts": [],
    "include": false
  }
}