﻿{
  "wf_id": "20241104-2324-3179-0747-e27cfa3af0dd",
  "wf_name": "Untitled",
  "wf_folder": "",
  "description": "",
  "updated": "2024-11-13T23:14:02.041+01:00",
  "updated_by": "Gam3r1@DESKTOP-3VMPAN6",
  "created": "2024-11-04T23:24:31.790+01:00",
  "general": {},
  "maintainance": {},
  "special": {},
  "nodes": [
    {
      "id": "20241113-2314-0147-6503-b1a678c89c3c",
      "type": "mon_folder",
      "custom_proc_guid": "",
      "name": "Folder",
      "slots": 1,
      "hosts_group": 0,
      "bypass": false,
      "start_proc": true,
      "pos_x": 75,
      "pos_y": 75,
      "execute_on": "success"
    }
  ],
  "version": "1.4.0.100",
  "variable": {
    "wf_size": 115
  }
}