﻿{
  "wf_id": "20241104-2324-3179-0747-e27cfa3af0dd",
  "wf_name": "Untitled",
  "wf_folder": "",
  "description": "",
  "updated": "2024-11-13T23:14:12.851+01:00",
  "updated_by": "Gam3r1@DESKTOP-3VMPAN6",
  "created": "2024-11-04T23:24:31.790+01:00",
  "general": {},
  "maintainance": {},
  "special": {},
  "nodes": [
    {
      "id": "20241113-2314-0147-6503-b1a678c89c3c",
      "type": "mon_folder",
      "custom_proc_guid": "",
      "name": "Folder",
      "slots": 1,
      "hosts_group": 0,
      "bypass": false,
      "start_proc": true,
      "pos_x": 75,
      "pos_y": 75,
      "execute_on": "success",
      "preset": {
        "name": "(custom)",
        "id": null
      },
      "properties": {
        "folder": "c:\\temp\\manyfiles",
        "accept_files": "",
        "deny": {
          "files": "",
          "folders": "",
          "attributes": {
            "read": false,
            "arch": false,
            "sys": false,
            "hidden": false
          }
        },
        "recurse": false,
        "localize": false,
        "create_folder": false,
        "growing_files": false,
        "forget_missing": false,
        "skip_verify": false,
        "file_size_mod": "once",
        "file_limit": "None"
      },
      "outbounds": [
        {
          "type": "op_populate",
          "id": "20241113-2314-1088-29b8-c053a7bd5171"
        }
      ]
    },
    {
      "id": "20241113-2314-1088-29b8-c053a7bd5171",
      "type": "op_populate",
      "custom_proc_guid": "",
      "name": "Populate variables",
      "slots": 1,
      "hosts_group": 0,
      "bypass": false,
      "start_proc": false,
      "pos_x": 247.5,
      "pos_y": 75,
      "execute_on": "success"
    }
  ],
  "version": "1.4.0.100",
  "variable": {
    "wf_size": 115
  }
}