﻿{"job_id":"20250112-1427-0825-832c-f381f3961998","workflow":{"id":"20241104-2324-3179-0747-e27cfa3af0dd"},"nodes":{"next":{"type":"op_hold","id":"20250111-2054-3446-43d3-eadd72cf4497","slots":1,"hosts_group":0},"start":{},"last":{}},"submit":{"method":"manual","user":"Gam3r1","client":"DESKTOP-3VMPAN6","time":"2025-01-12T14:27:08.259+01:00","system":"FFAStrans Workflow Manager"},"finished":{},"sources":{"sets":[],"current_file":"C:\\temp\\ffastrans_enc_cmd_modifiedpt_AFP__20241202__36NX6EE__v3__MP41920x1080__RetrospectivaMundoOsFatosQueMarcaramO2Seme_translated.mp4","original_file":"C:\\temp\\ffastrans_enc_cmd_modifiedpt_AFP__20241202__36NX6EE__v3__MP41920x1080__RetrospectivaMundoOsFatosQueMarcaramO2Seme_translated.mp4","localized_file":"C:\\temp\\ffastrans_enc_cmd_modifiedpt_AFP__20241202__36NX6EE__v3__MP41920x1080__RetrospectivaMundoOsFatosQueMarcaramO2Seme_translated.mp4","pretty_name":"ffastrans_enc_cmd_modifiedpt_AFP__20241202__36NX6EE__v3__MP41920x1080__RetrospectivaMundoOsFatosQueMarcaramO2Seme_translated.mp4"},"retries":{},"split_id":"1-12-12","priority":5}